kpi_record_id,cse_id,assessment_period,kpi_name,target_value,reported_value,unit,evidence_source
KPI-CSE-001-2025-Q3,CSE-001,2025-Q3,Case_Closure_Rate,0.85,0.8792,ratio,SOC_Report
KPI-CSE-001-2025-Q4,CSE-001,2025-Q4,Case_Closure_Rate,0.8,0.7766,ratio,SOC_Report
KPI-CSE-001-2026-Q1,CSE-001,2026-Q1,Case_Closure_Rate,0.75,0.7279,ratio,SOC_Report
KPI-CSE-001-2026-Q2,CSE-001,2026-Q2,Case_Closure_Rate,0.85,0.8764,ratio,SOC_Report
KPI-CSE-001-2026-Q3,CSE-001,2026-Q3,Case_Closure_Rate,0.9,0.9256,ratio,SOC_Report
KPI-CSE-001-2026-Q4,CSE-001,2026-Q4,Case_Closure_Rate,0.85,0.8434,ratio,SOC_Report
KPI-CSE-002-2025-Q3,CSE-002,2025-Q3,Case_Closure_Rate,0.8,0.8293,ratio,SOC_Report
KPI-CSE-002-2025-Q4,CSE-002,2025-Q4,Case_Closure_Rate,0.85,0.8488,ratio,SOC_Report
KPI-CSE-002-2026-Q1,CSE-002,2026-Q1,Case_Closure_Rate,0.9,0.8872,ratio,SOC_Report
KPI-CSE-002-2026-Q2,CSE-002,2026-Q2,Case_Closure_Rate,0.9,0.8732,ratio,SOC_Report
KPI-CSE-002-2026-Q3,CSE-002,2026-Q3,Case_Closure_Rate,0.75,0.7533,ratio,SOC_Report
KPI-CSE-002-2026-Q4,CSE-002,2026-Q4,Case_Closure_Rate,0.85,0.8634,ratio,SOC_Report
KPI-CSE-003-2025-Q3,CSE-003,2025-Q3,Case_Closure_Rate,0.8,0.8132,ratio,SOC_Report
KPI-CSE-003-2025-Q4,CSE-003,2025-Q4,Case_Closure_Rate,0.75,0.7554,ratio,SOC_Report
KPI-CSE-003-2026-Q1,CSE-003,2026-Q1,Case_Closure_Rate,0.9,0.8875,ratio,SOC_Report
KPI-CSE-003-2026-Q2,CSE-003,2026-Q2,Case_Closure_Rate,0.8,0.779,ratio,SOC_Report
KPI-CSE-003-2026-Q3,CSE-003,2026-Q3,Case_Closure_Rate,0.9,0.8734,ratio,SOC_Report
KPI-CSE-003-2026-Q4,CSE-003,2026-Q4,Case_Closure_Rate,0.9,0.8791,ratio,SOC_Report
KPI-CSE-004-2025-Q3,CSE-004,2025-Q3,Case_Closure_Rate,0.9,0.9375,ratio,SOC_Report
KPI-CSE-004-2025-Q4,CSE-004,2025-Q4,Case_Closure_Rate,0.9,0.9313,ratio,SOC_Report
KPI-CSE-004-2026-Q1,CSE-004,2026-Q1,Case_Closure_Rate,0.8,0.8296,ratio,SOC_Report
KPI-CSE-004-2026-Q2,CSE-004,2026-Q2,Case_Closure_Rate,0.9,0.9272,ratio,SOC_Report
KPI-CSE-004-2026-Q3,CSE-004,2026-Q3,Case_Closure_Rate,0.75,0.7954,ratio,SOC_Report
KPI-CSE-004-2026-Q4,CSE-004,2026-Q4,Case_Closure_Rate,0.8,0.8388,ratio,SOC_Report
KPI-CSE-005-2025-Q3,CSE-005,2025-Q3,Case_Closure_Rate,0.9,0.9078,ratio,SOC_Report
KPI-CSE-005-2025-Q4,CSE-005,2025-Q4,Case_Closure_Rate,0.85,0.8357,ratio,SOC_Report
KPI-CSE-005-2026-Q1,CSE-005,2026-Q1,Case_Closure_Rate,0.8,0.8231,ratio,SOC_Report
KPI-CSE-005-2026-Q2,CSE-005,2026-Q2,Case_Closure_Rate,0.85,0.8513,ratio,SOC_Report
KPI-CSE-005-2026-Q3,CSE-005,2026-Q3,Case_Closure_Rate,0.75,0.7749,ratio,SOC_Report
KPI-CSE-005-2026-Q4,CSE-005,2026-Q4,Case_Closure_Rate,0.8,0.7973,ratio,SOC_Report
KPI-CSE-006-2025-Q3,CSE-006,2025-Q3,Case_Closure_Rate,0.8,0.7956,ratio,SOC_Report
KPI-CSE-006-2025-Q4,CSE-006,2025-Q4,Case_Closure_Rate,0.85,0.8365,ratio,SOC_Report
KPI-CSE-006-2026-Q1,CSE-006,2026-Q1,Case_Closure_Rate,0.75,0.7325,ratio,SOC_Report
KPI-CSE-006-2026-Q2,CSE-006,2026-Q2,Case_Closure_Rate,0.9,0.8733,ratio,SOC_Report
KPI-CSE-006-2026-Q3,CSE-006,2026-Q3,Case_Closure_Rate,0.75,0.7545,ratio,SOC_Report
KPI-CSE-006-2026-Q4,CSE-006,2026-Q4,Case_Closure_Rate,0.75,0.7523,ratio,SOC_Report
KPI-CSE-007-2025-Q3,CSE-007,2025-Q3,Case_Closure_Rate,0.8,0.8061,ratio,SOC_Report
KPI-CSE-007-2025-Q4,CSE-007,2025-Q4,Case_Closure_Rate,0.8,0.8133,ratio,SOC_Report
KPI-CSE-007-2026-Q1,CSE-007,2026-Q1,Case_Closure_Rate,0.9,0.8991,ratio,SOC_Report
KPI-CSE-007-2026-Q2,CSE-007,2026-Q2,Case_Closure_Rate,0.85,0.825,ratio,SOC_Report
KPI-CSE-007-2026-Q3,CSE-007,2026-Q3,Case_Closure_Rate,0.75,0.7405,ratio,SOC_Report
KPI-CSE-007-2026-Q4,CSE-007,2026-Q4,Case_Closure_Rate,0.8,0.8233,ratio,SOC_Report
KPI-CSE-008-2025-Q3,CSE-008,2025-Q3,Case_Closure_Rate,0.75,0.7341,ratio,SOC_Report
KPI-CSE-008-2025-Q4,CSE-008,2025-Q4,Case_Closure_Rate,0.8,0.7762,ratio,SOC_Report
KPI-CSE-008-2026-Q1,CSE-008,2026-Q1,Case_Closure_Rate,0.75,0.7325,ratio,SOC_Report
KPI-CSE-008-2026-Q2,CSE-008,2026-Q2,Case_Closure_Rate,0.75,0.7397,ratio,SOC_Report
KPI-CSE-008-2026-Q3,CSE-008,2026-Q3,Case_Closure_Rate,0.9,0.8965,ratio,SOC_Report
KPI-CSE-008-2026-Q4,CSE-008,2026-Q4,Case_Closure_Rate,0.75,0.7558,ratio,SOC_Report
KPI-CSE-009-2025-Q3,CSE-009,2025-Q3,Case_Closure_Rate,0.9,0.8842,ratio,SOC_Report
KPI-CSE-009-2025-Q4,CSE-009,2025-Q4,Case_Closure_Rate,0.8,0.7727,ratio,SOC_Report
KPI-CSE-009-2026-Q1,CSE-009,2026-Q1,Case_Closure_Rate,0.75,0.751,ratio,SOC_Report
KPI-CSE-009-2026-Q2,CSE-009,2026-Q2,Case_Closure_Rate,0.8,0.7755,ratio,SOC_Report
KPI-CSE-009-2026-Q3,CSE-009,2026-Q3,Case_Closure_Rate,0.75,0.7227,ratio,SOC_Report
KPI-CSE-009-2026-Q4,CSE-009,2026-Q4,Case_Closure_Rate,0.85,0.8659,ratio,SOC_Report
KPI-CSE-010-2025-Q3,CSE-010,2025-Q3,Case_Closure_Rate,0.75,0.7368,ratio,SOC_Report
KPI-CSE-010-2025-Q4,CSE-010,2025-Q4,Case_Closure_Rate,0.85,0.8414,ratio,SOC_Report
KPI-CSE-010-2026-Q1,CSE-010,2026-Q1,Case_Closure_Rate,0.8,0.8253,ratio,SOC_Report
KPI-CSE-010-2026-Q2,CSE-010,2026-Q2,Case_Closure_Rate,0.9,0.9126,ratio,SOC_Report
KPI-CSE-010-2026-Q3,CSE-010,2026-Q3,Case_Closure_Rate,0.85,0.8796,ratio,SOC_Report
KPI-CSE-010-2026-Q4,CSE-010,2026-Q4,Case_Closure_Rate,0.8,0.8273,ratio,SOC_Report
KPI-CSE-011-2025-Q3,CSE-011,2025-Q3,Case_Closure_Rate,0.85,0.8902,ratio,SOC_Report
KPI-CSE-011-2025-Q4,CSE-011,2025-Q4,Case_Closure_Rate,0.75,0.7709,ratio,SOC_Report
KPI-CSE-011-2026-Q1,CSE-011,2026-Q1,Case_Closure_Rate,0.85,0.8976,ratio,SOC_Report
KPI-CSE-011-2026-Q2,CSE-011,2026-Q2,Case_Closure_Rate,0.8,0.8213,ratio,SOC_Report
KPI-CSE-011-2026-Q3,CSE-011,2026-Q3,Case_Closure_Rate,0.75,0.7862,ratio,SOC_Report
KPI-CSE-011-2026-Q4,CSE-011,2026-Q4,Case_Closure_Rate,0.8,0.8363,ratio,SOC_Report
KPI-CSE-012-2025-Q3,CSE-012,2025-Q3,Case_Closure_Rate,0.8,0.7905,ratio,SOC_Report
KPI-CSE-012-2025-Q4,CSE-012,2025-Q4,Case_Closure_Rate,0.8,0.8218,ratio,SOC_Report
KPI-CSE-012-2026-Q1,CSE-012,2026-Q1,Case_Closure_Rate,0.9,0.9169,ratio,SOC_Report
KPI-CSE-012-2026-Q2,CSE-012,2026-Q2,Case_Closure_Rate,0.85,0.8676,ratio,SOC_Report
KPI-CSE-012-2026-Q3,CSE-012,2026-Q3,Case_Closure_Rate,0.8,0.7767,ratio,SOC_Report
KPI-CSE-012-2026-Q4,CSE-012,2026-Q4,Case_Closure_Rate,0.9,0.9076,ratio,SOC_Report
KPI-CSE-013-2025-Q3,CSE-013,2025-Q3,Case_Closure_Rate,0.9,0.9414,ratio,SOC_Report
KPI-CSE-013-2025-Q4,CSE-013,2025-Q4,Case_Closure_Rate,0.9,0.9295,ratio,SOC_Report
KPI-CSE-013-2026-Q1,CSE-013,2026-Q1,Case_Closure_Rate,0.85,0.8936,ratio,SOC_Report
KPI-CSE-013-2026-Q2,CSE-013,2026-Q2,Case_Closure_Rate,0.9,0.9273,ratio,SOC_Report
KPI-CSE-013-2026-Q3,CSE-013,2026-Q3,Case_Closure_Rate,0.85,0.8878,ratio,SOC_Report
KPI-CSE-013-2026-Q4,CSE-013,2026-Q4,Case_Closure_Rate,0.8,0.8218,ratio,SOC_Report
KPI-CSE-014-2025-Q3,CSE-014,2025-Q3,Case_Closure_Rate,0.9,0.8838,ratio,SOC_Report
KPI-CSE-014-2025-Q4,CSE-014,2025-Q4,Case_Closure_Rate,0.75,0.7714,ratio,SOC_Report
KPI-CSE-014-2026-Q1,CSE-014,2026-Q1,Case_Closure_Rate,0.9,0.8751,ratio,SOC_Report
KPI-CSE-014-2026-Q2,CSE-014,2026-Q2,Case_Closure_Rate,0.75,0.7557,ratio,SOC_Report
KPI-CSE-014-2026-Q3,CSE-014,2026-Q3,Case_Closure_Rate,0.75,0.7383,ratio,SOC_Report
KPI-CSE-014-2026-Q4,CSE-014,2026-Q4,Case_Closure_Rate,0.75,0.7314,ratio,SOC_Report
KPI-CSE-015-2025-Q3,CSE-015,2025-Q3,Case_Closure_Rate,0.85,0.8715,ratio,SOC_Report
KPI-CSE-015-2025-Q4,CSE-015,2025-Q4,Case_Closure_Rate,0.85,0.8309,ratio,SOC_Report
KPI-CSE-015-2026-Q1,CSE-015,2026-Q1,Case_Closure_Rate,0.85,0.8555,ratio,SOC_Report
KPI-CSE-015-2026-Q2,CSE-015,2026-Q2,Case_Closure_Rate,0.75,0.7267,ratio,SOC_Report
KPI-CSE-015-2026-Q3,CSE-015,2026-Q3,Case_Closure_Rate,0.8,0.7766,ratio,SOC_Report
KPI-CSE-015-2026-Q4,CSE-015,2026-Q4,Case_Closure_Rate,0.9,0.9189,ratio,SOC_Report
KPI-CSE-016-2025-Q3,CSE-016,2025-Q3,Case_Closure_Rate,0.85,0.8679,ratio,SOC_Report
KPI-CSE-016-2025-Q4,CSE-016,2025-Q4,Case_Closure_Rate,0.85,0.8708,ratio,SOC_Report
KPI-CSE-016-2026-Q1,CSE-016,2026-Q1,Case_Closure_Rate,0.75,0.7511,ratio,SOC_Report
KPI-CSE-016-2026-Q2,CSE-016,2026-Q2,Case_Closure_Rate,0.85,0.8707,ratio,SOC_Report
KPI-CSE-016-2026-Q3,CSE-016,2026-Q3,Case_Closure_Rate,0.85,0.8774,ratio,SOC_Report
KPI-CSE-016-2026-Q4,CSE-016,2026-Q4,Case_Closure_Rate,0.85,0.8375,ratio,SOC_Report
KPI-CSE-017-2025-Q3,CSE-017,2025-Q3,Case_Closure_Rate,0.85,0.8203,ratio,SOC_Report
KPI-CSE-017-2025-Q4,CSE-017,2025-Q4,Case_Closure_Rate,0.75,0.7522,ratio,SOC_Report
KPI-CSE-017-2026-Q1,CSE-017,2026-Q1,Case_Closure_Rate,0.8,0.802,ratio,SOC_Report
KPI-CSE-017-2026-Q2,CSE-017,2026-Q2,Case_Closure_Rate,0.85,0.8329,ratio,SOC_Report
KPI-CSE-017-2026-Q3,CSE-017,2026-Q3,Case_Closure_Rate,0.75,0.7531,ratio,SOC_Report
KPI-CSE-017-2026-Q4,CSE-017,2026-Q4,Case_Closure_Rate,0.85,0.8326,ratio,SOC_Report
KPI-CSE-018-2025-Q3,CSE-018,2025-Q3,Case_Closure_Rate,0.75,0.7754,ratio,SOC_Report
KPI-CSE-018-2025-Q4,CSE-018,2025-Q4,Case_Closure_Rate,0.9,0.8761,ratio,SOC_Report
KPI-CSE-018-2026-Q1,CSE-018,2026-Q1,Case_Closure_Rate,0.85,0.8274,ratio,SOC_Report
KPI-CSE-018-2026-Q2,CSE-018,2026-Q2,Case_Closure_Rate,0.8,0.7744,ratio,SOC_Report
KPI-CSE-018-2026-Q3,CSE-018,2026-Q3,Case_Closure_Rate,0.8,0.7768,ratio,SOC_Report
KPI-CSE-018-2026-Q4,CSE-018,2026-Q4,Case_Closure_Rate,0.85,0.8225,ratio,SOC_Report
KPI-CSE-019-2025-Q3,CSE-019,2025-Q3,Case_Closure_Rate,0.8,0.8284,ratio,SOC_Report
KPI-CSE-019-2025-Q4,CSE-019,2025-Q4,Case_Closure_Rate,0.75,0.7575,ratio,SOC_Report
KPI-CSE-019-2026-Q1,CSE-019,2026-Q1,Case_Closure_Rate,0.85,0.8551,ratio,SOC_Report
KPI-CSE-019-2026-Q2,CSE-019,2026-Q2,Case_Closure_Rate,0.85,0.8447,ratio,SOC_Report
KPI-CSE-019-2026-Q3,CSE-019,2026-Q3,Case_Closure_Rate,0.75,0.7212,ratio,SOC_Report
KPI-CSE-019-2026-Q4,CSE-019,2026-Q4,Case_Closure_Rate,0.85,0.8605,ratio,SOC_Report
KPI-CSE-020-2025-Q3,CSE-020,2025-Q3,Case_Closure_Rate,0.75,0.773,ratio,SOC_Report
KPI-CSE-020-2025-Q4,CSE-020,2025-Q4,Case_Closure_Rate,0.9,0.9221,ratio,SOC_Report
KPI-CSE-020-2026-Q1,CSE-020,2026-Q1,Case_Closure_Rate,0.75,0.721,ratio,SOC_Report
KPI-CSE-020-2026-Q2,CSE-020,2026-Q2,Case_Closure_Rate,0.8,0.7913,ratio,SOC_Report
KPI-CSE-020-2026-Q3,CSE-020,2026-Q3,Case_Closure_Rate,0.8,0.7907,ratio,SOC_Report
KPI-CSE-020-2026-Q4,CSE-020,2026-Q4,Case_Closure_Rate,0.8,0.8074,ratio,SOC_Report
KPI-CSE-021-2025-Q3,CSE-021,2025-Q3,Case_Closure_Rate,0.9,0.9205,ratio,SOC_Report
KPI-CSE-021-2025-Q4,CSE-021,2025-Q4,Case_Closure_Rate,0.9,0.8986,ratio,SOC_Report
KPI-CSE-021-2026-Q1,CSE-021,2026-Q1,Case_Closure_Rate,0.85,0.8392,ratio,SOC_Report
KPI-CSE-021-2026-Q2,CSE-021,2026-Q2,Case_Closure_Rate,0.8,0.7808,ratio,SOC_Report
KPI-CSE-021-2026-Q3,CSE-021,2026-Q3,Case_Closure_Rate,0.85,0.8639,ratio,SOC_Report
KPI-CSE-021-2026-Q4,CSE-021,2026-Q4,Case_Closure_Rate,0.85,0.8513,ratio,SOC_Report
KPI-CSE-022-2025-Q3,CSE-022,2025-Q3,Case_Closure_Rate,0.8,0.8028,ratio,SOC_Report
KPI-CSE-022-2025-Q4,CSE-022,2025-Q4,Case_Closure_Rate,0.8,0.8017,ratio,SOC_Report
KPI-CSE-022-2026-Q1,CSE-022,2026-Q1,Case_Closure_Rate,0.9,0.922,ratio,SOC_Report
KPI-CSE-022-2026-Q2,CSE-022,2026-Q2,Case_Closure_Rate,0.9,0.906,ratio,SOC_Report
KPI-CSE-022-2026-Q3,CSE-022,2026-Q3,Case_Closure_Rate,0.8,0.8201,ratio,SOC_Report
KPI-CSE-022-2026-Q4,CSE-022,2026-Q4,Case_Closure_Rate,0.9,0.912,ratio,SOC_Report
KPI-CSE-023-2025-Q3,CSE-023,2025-Q3,Case_Closure_Rate,0.9,0.916,ratio,SOC_Report
KPI-CSE-023-2025-Q4,CSE-023,2025-Q4,Case_Closure_Rate,0.85,0.8347,ratio,SOC_Report
KPI-CSE-023-2026-Q1,CSE-023,2026-Q1,Case_Closure_Rate,0.8,0.8058,ratio,SOC_Report
KPI-CSE-023-2026-Q2,CSE-023,2026-Q2,Case_Closure_Rate,0.9,0.9025,ratio,SOC_Report
KPI-CSE-023-2026-Q3,CSE-023,2026-Q3,Case_Closure_Rate,0.8,0.8178,ratio,SOC_Report
KPI-CSE-023-2026-Q4,CSE-023,2026-Q4,Case_Closure_Rate,0.8,0.8232,ratio,SOC_Report
KPI-CSE-024-2025-Q3,CSE-024,2025-Q3,Case_Closure_Rate,0.9,0.873,ratio,SOC_Report
KPI-CSE-024-2025-Q4,CSE-024,2025-Q4,Case_Closure_Rate,0.85,0.872,ratio,SOC_Report
KPI-CSE-024-2026-Q1,CSE-024,2026-Q1,Case_Closure_Rate,0.8,0.8136,ratio,SOC_Report
KPI-CSE-024-2026-Q2,CSE-024,2026-Q2,Case_Closure_Rate,0.9,0.9175,ratio,SOC_Report
KPI-CSE-024-2026-Q3,CSE-024,2026-Q3,Case_Closure_Rate,0.85,0.8542,ratio,SOC_Report
KPI-CSE-024-2026-Q4,CSE-024,2026-Q4,Case_Closure_Rate,0.8,0.8239,ratio,SOC_Report
KPI-CSE-025-2025-Q3,CSE-025,2025-Q3,Case_Closure_Rate,0.85,0.8227,ratio,SOC_Report
KPI-CSE-025-2025-Q4,CSE-025,2025-Q4,Case_Closure_Rate,0.85,0.8685,ratio,SOC_Report
KPI-CSE-025-2026-Q1,CSE-025,2026-Q1,Case_Closure_Rate,0.9,0.9129,ratio,SOC_Report
KPI-CSE-025-2026-Q2,CSE-025,2026-Q2,Case_Closure_Rate,0.85,0.8731,ratio,SOC_Report
KPI-CSE-025-2026-Q3,CSE-025,2026-Q3,Case_Closure_Rate,0.75,0.7571,ratio,SOC_Report
KPI-CSE-025-2026-Q4,CSE-025,2026-Q4,Case_Closure_Rate,0.85,0.852,ratio,SOC_Report
KPI-CSE-026-2025-Q3,CSE-026,2025-Q3,Case_Closure_Rate,0.9,0.9282,ratio,SOC_Report
KPI-CSE-026-2025-Q4,CSE-026,2025-Q4,Case_Closure_Rate,0.8,0.8228,ratio,SOC_Report
KPI-CSE-026-2026-Q1,CSE-026,2026-Q1,Case_Closure_Rate,0.8,0.8165,ratio,SOC_Report
KPI-CSE-026-2026-Q2,CSE-026,2026-Q2,Case_Closure_Rate,0.8,0.7842,ratio,SOC_Report
KPI-CSE-026-2026-Q3,CSE-026,2026-Q3,Case_Closure_Rate,0.85,0.8799,ratio,SOC_Report
KPI-CSE-026-2026-Q4,CSE-026,2026-Q4,Case_Closure_Rate,0.75,0.7395,ratio,SOC_Report
KPI-CSE-027-2025-Q3,CSE-027,2025-Q3,Case_Closure_Rate,0.75,0.7644,ratio,SOC_Report
KPI-CSE-027-2025-Q4,CSE-027,2025-Q4,Case_Closure_Rate,0.9,0.87,ratio,SOC_Report
KPI-CSE-027-2026-Q1,CSE-027,2026-Q1,Case_Closure_Rate,0.85,0.8271,ratio,SOC_Report
KPI-CSE-027-2026-Q2,CSE-027,2026-Q2,Case_Closure_Rate,0.85,0.8278,ratio,SOC_Report
KPI-CSE-027-2026-Q3,CSE-027,2026-Q3,Case_Closure_Rate,0.9,0.9282,ratio,SOC_Report
KPI-CSE-027-2026-Q4,CSE-027,2026-Q4,Case_Closure_Rate,0.75,0.7319,ratio,SOC_Report
KPI-CSE-028-2025-Q3,CSE-028,2025-Q3,Case_Closure_Rate,0.9,0.9116,ratio,SOC_Report
KPI-CSE-028-2025-Q4,CSE-028,2025-Q4,Case_Closure_Rate,0.75,0.7212,ratio,SOC_Report
KPI-CSE-028-2026-Q1,CSE-028,2026-Q1,Case_Closure_Rate,0.75,0.777,ratio,SOC_Report
KPI-CSE-028-2026-Q2,CSE-028,2026-Q2,Case_Closure_Rate,0.75,0.748,ratio,SOC_Report
KPI-CSE-028-2026-Q3,CSE-028,2026-Q3,Case_Closure_Rate,0.8,0.827,ratio,SOC_Report
KPI-CSE-028-2026-Q4,CSE-028,2026-Q4,Case_Closure_Rate,0.85,0.8386,ratio,SOC_Report
KPI-CSE-029-2025-Q3,CSE-029,2025-Q3,Case_Closure_Rate,0.85,0.8758,ratio,SOC_Report
KPI-CSE-029-2025-Q4,CSE-029,2025-Q4,Case_Closure_Rate,0.85,0.8879,ratio,SOC_Report
KPI-CSE-029-2026-Q1,CSE-029,2026-Q1,Case_Closure_Rate,0.85,0.8786,ratio,SOC_Report
KPI-CSE-029-2026-Q2,CSE-029,2026-Q2,Case_Closure_Rate,0.85,0.8724,ratio,SOC_Report
KPI-CSE-029-2026-Q3,CSE-029,2026-Q3,Case_Closure_Rate,0.75,0.7891,ratio,SOC_Report
KPI-CSE-029-2026-Q4,CSE-029,2026-Q4,Case_Closure_Rate,0.8,0.8327,ratio,SOC_Report
KPI-CSE-030-2025-Q3,CSE-030,2025-Q3,Case_Closure_Rate,0.85,0.8558,ratio,SOC_Report
KPI-CSE-030-2025-Q4,CSE-030,2025-Q4,Case_Closure_Rate,0.75,0.7385,ratio,SOC_Report
KPI-CSE-030-2026-Q1,CSE-030,2026-Q1,Case_Closure_Rate,0.85,0.8238,ratio,SOC_Report
KPI-CSE-030-2026-Q2,CSE-030,2026-Q2,Case_Closure_Rate,0.75,0.7724,ratio,SOC_Report
KPI-CSE-030-2026-Q3,CSE-030,2026-Q3,Case_Closure_Rate,0.85,0.8536,ratio,SOC_Report
KPI-CSE-030-2026-Q4,CSE-030,2026-Q4,Case_Closure_Rate,0.8,0.7779,ratio,SOC_Report
