capability_record_id,cse_id,assessment_period,capability_family,declared_capability,evidence_source
CAP-CSE-001-2025-Q3,CSE-001,2025-Q3,Incident Response,Standardized,Assessment_Submission
CAP-CSE-001-2025-Q4,CSE-001,2025-Q4,Incident Response,Standardized,Control_Mapping
CAP-CSE-001-2026-Q1,CSE-001,2026-Q1,Incident Response,Established,Assessment_Submission
CAP-CSE-001-2026-Q2,CSE-001,2026-Q2,Incident Response,Standardized,Assessment_Submission
CAP-CSE-001-2026-Q3,CSE-001,2026-Q3,Incident Response,Established,SOC_Report
CAP-CSE-001-2026-Q4,CSE-001,2026-Q4,Incident Response,Mature,Control_Mapping
CAP-CSE-002-2025-Q3,CSE-002,2025-Q3,Incident Response,Mature,SOC_Report
CAP-CSE-002-2025-Q4,CSE-002,2025-Q4,Threat Detection,Established,Control_Mapping
CAP-CSE-002-2026-Q1,CSE-002,2026-Q1,Incident Response,Mature,Control_Mapping
CAP-CSE-002-2026-Q2,CSE-002,2026-Q2,Cyber Resilience,Managed,Assessment_Submission
CAP-CSE-002-2026-Q3,CSE-002,2026-Q3,Cyber Resilience,Established,Assessment_Submission
CAP-CSE-002-2026-Q4,CSE-002,2026-Q4,Security Operations,Managed,Assessment_Submission
CAP-CSE-003-2025-Q3,CSE-003,2025-Q3,Investigation,Established,SOC_Report
CAP-CSE-003-2025-Q4,CSE-003,2025-Q4,Incident Response,Mature,Assessment_Submission
CAP-CSE-003-2026-Q1,CSE-003,2026-Q1,Incident Response,Established,Assessment_Submission
CAP-CSE-003-2026-Q2,CSE-003,2026-Q2,Security Operations,Mature,Assessment_Submission
CAP-CSE-003-2026-Q3,CSE-003,2026-Q3,Threat Detection,Managed,Assessment_Submission
CAP-CSE-003-2026-Q4,CSE-003,2026-Q4,Threat Detection,Established,Control_Mapping
CAP-CSE-004-2025-Q3,CSE-004,2025-Q3,Security Operations,Established,SOC_Report
CAP-CSE-004-2025-Q4,CSE-004,2025-Q4,Investigation,Standardized,SOC_Report
CAP-CSE-004-2026-Q1,CSE-004,2026-Q1,Security Operations,Standardized,Control_Mapping
CAP-CSE-004-2026-Q2,CSE-004,2026-Q2,Cyber Resilience,Mature,SOC_Report
CAP-CSE-004-2026-Q3,CSE-004,2026-Q3,Threat Detection,Managed,SOC_Report
CAP-CSE-004-2026-Q4,CSE-004,2026-Q4,Incident Response,Standardized,SOC_Report
CAP-CSE-005-2025-Q3,CSE-005,2025-Q3,Investigation,Managed,SOC_Report
CAP-CSE-005-2025-Q4,CSE-005,2025-Q4,Security Operations,Mature,Assessment_Submission
CAP-CSE-005-2026-Q1,CSE-005,2026-Q1,Security Operations,Mature,Assessment_Submission
CAP-CSE-005-2026-Q2,CSE-005,2026-Q2,Cyber Resilience,Established,SOC_Report
CAP-CSE-005-2026-Q3,CSE-005,2026-Q3,Security Operations,Managed,SOC_Report
CAP-CSE-005-2026-Q4,CSE-005,2026-Q4,Threat Detection,Managed,SOC_Report
CAP-CSE-006-2025-Q3,CSE-006,2025-Q3,Cyber Resilience,Mature,Control_Mapping
CAP-CSE-006-2025-Q4,CSE-006,2025-Q4,Investigation,Standardized,SOC_Report
CAP-CSE-006-2026-Q1,CSE-006,2026-Q1,Incident Response,Established,Assessment_Submission
CAP-CSE-006-2026-Q2,CSE-006,2026-Q2,Threat Detection,Mature,Control_Mapping
CAP-CSE-006-2026-Q3,CSE-006,2026-Q3,Investigation,Standardized,SOC_Report
CAP-CSE-006-2026-Q4,CSE-006,2026-Q4,Threat Detection,Managed,Assessment_Submission
CAP-CSE-007-2025-Q3,CSE-007,2025-Q3,Investigation,Established,Assessment_Submission
CAP-CSE-007-2025-Q4,CSE-007,2025-Q4,Investigation,Standardized,Assessment_Submission
CAP-CSE-007-2026-Q1,CSE-007,2026-Q1,Incident Response,Established,Control_Mapping
CAP-CSE-007-2026-Q2,CSE-007,2026-Q2,Security Operations,Managed,SOC_Report
CAP-CSE-007-2026-Q3,CSE-007,2026-Q3,Threat Detection,Managed,Control_Mapping
CAP-CSE-007-2026-Q4,CSE-007,2026-Q4,Cyber Resilience,Mature,Assessment_Submission
CAP-CSE-008-2025-Q3,CSE-008,2025-Q3,Investigation,Standardized,Assessment_Submission
CAP-CSE-008-2025-Q4,CSE-008,2025-Q4,Investigation,Mature,Control_Mapping
CAP-CSE-008-2026-Q1,CSE-008,2026-Q1,Incident Response,Managed,Assessment_Submission
CAP-CSE-008-2026-Q2,CSE-008,2026-Q2,Incident Response,Standardized,Assessment_Submission
CAP-CSE-008-2026-Q3,CSE-008,2026-Q3,Security Operations,Mature,Control_Mapping
CAP-CSE-008-2026-Q4,CSE-008,2026-Q4,Investigation,Managed,SOC_Report
CAP-CSE-009-2025-Q3,CSE-009,2025-Q3,Security Operations,Standardized,SOC_Report
CAP-CSE-009-2025-Q4,CSE-009,2025-Q4,Security Operations,Mature,Control_Mapping
CAP-CSE-009-2026-Q1,CSE-009,2026-Q1,Security Operations,Mature,SOC_Report
CAP-CSE-009-2026-Q2,CSE-009,2026-Q2,Cyber Resilience,Standardized,Assessment_Submission
CAP-CSE-009-2026-Q3,CSE-009,2026-Q3,Incident Response,Standardized,Assessment_Submission
CAP-CSE-009-2026-Q4,CSE-009,2026-Q4,Investigation,Managed,Assessment_Submission
CAP-CSE-010-2025-Q3,CSE-010,2025-Q3,Cyber Resilience,Standardized,Assessment_Submission
CAP-CSE-010-2025-Q4,CSE-010,2025-Q4,Incident Response,Mature,Control_Mapping
CAP-CSE-010-2026-Q1,CSE-010,2026-Q1,Investigation,Managed,Assessment_Submission
CAP-CSE-010-2026-Q2,CSE-010,2026-Q2,Security Operations,Established,Control_Mapping
CAP-CSE-010-2026-Q3,CSE-010,2026-Q3,Cyber Resilience,Mature,SOC_Report
CAP-CSE-010-2026-Q4,CSE-010,2026-Q4,Cyber Resilience,Established,Assessment_Submission
CAP-CSE-011-2025-Q3,CSE-011,2025-Q3,Security Operations,Mature,SOC_Report
CAP-CSE-011-2025-Q4,CSE-011,2025-Q4,Security Operations,Mature,Control_Mapping
CAP-CSE-011-2026-Q1,CSE-011,2026-Q1,Investigation,Established,Control_Mapping
CAP-CSE-011-2026-Q2,CSE-011,2026-Q2,Investigation,Standardized,SOC_Report
CAP-CSE-011-2026-Q3,CSE-011,2026-Q3,Security Operations,Mature,Control_Mapping
CAP-CSE-011-2026-Q4,CSE-011,2026-Q4,Threat Detection,Mature,Control_Mapping
CAP-CSE-012-2025-Q3,CSE-012,2025-Q3,Threat Detection,Mature,Control_Mapping
CAP-CSE-012-2025-Q4,CSE-012,2025-Q4,Investigation,Managed,Assessment_Submission
CAP-CSE-012-2026-Q1,CSE-012,2026-Q1,Investigation,Mature,SOC_Report
CAP-CSE-012-2026-Q2,CSE-012,2026-Q2,Investigation,Mature,SOC_Report
CAP-CSE-012-2026-Q3,CSE-012,2026-Q3,Cyber Resilience,Standardized,SOC_Report
CAP-CSE-012-2026-Q4,CSE-012,2026-Q4,Cyber Resilience,Managed,Assessment_Submission
CAP-CSE-013-2025-Q3,CSE-013,2025-Q3,Threat Detection,Mature,Assessment_Submission
CAP-CSE-013-2025-Q4,CSE-013,2025-Q4,Incident Response,Standardized,SOC_Report
CAP-CSE-013-2026-Q1,CSE-013,2026-Q1,Incident Response,Mature,Assessment_Submission
CAP-CSE-013-2026-Q2,CSE-013,2026-Q2,Cyber Resilience,Established,Assessment_Submission
CAP-CSE-013-2026-Q3,CSE-013,2026-Q3,Incident Response,Managed,Assessment_Submission
CAP-CSE-013-2026-Q4,CSE-013,2026-Q4,Threat Detection,Standardized,Control_Mapping
CAP-CSE-014-2025-Q3,CSE-014,2025-Q3,Security Operations,Mature,SOC_Report
CAP-CSE-014-2025-Q4,CSE-014,2025-Q4,Cyber Resilience,Managed,Control_Mapping
CAP-CSE-014-2026-Q1,CSE-014,2026-Q1,Investigation,Managed,Assessment_Submission
CAP-CSE-014-2026-Q2,CSE-014,2026-Q2,Incident Response,Established,Control_Mapping
CAP-CSE-014-2026-Q3,CSE-014,2026-Q3,Security Operations,Established,Assessment_Submission
CAP-CSE-014-2026-Q4,CSE-014,2026-Q4,Cyber Resilience,Standardized,Assessment_Submission
CAP-CSE-015-2025-Q3,CSE-015,2025-Q3,Threat Detection,Managed,SOC_Report
CAP-CSE-015-2025-Q4,CSE-015,2025-Q4,Security Operations,Managed,Control_Mapping
CAP-CSE-015-2026-Q1,CSE-015,2026-Q1,Investigation,Managed,Control_Mapping
CAP-CSE-015-2026-Q2,CSE-015,2026-Q2,Incident Response,Standardized,Control_Mapping
CAP-CSE-015-2026-Q3,CSE-015,2026-Q3,Incident Response,Established,Control_Mapping
CAP-CSE-015-2026-Q4,CSE-015,2026-Q4,Incident Response,Established,Control_Mapping
CAP-CSE-016-2025-Q3,CSE-016,2025-Q3,Incident Response,Managed,Control_Mapping
CAP-CSE-016-2025-Q4,CSE-016,2025-Q4,Investigation,Standardized,Assessment_Submission
CAP-CSE-016-2026-Q1,CSE-016,2026-Q1,Cyber Resilience,Established,Assessment_Submission
CAP-CSE-016-2026-Q2,CSE-016,2026-Q2,Investigation,Standardized,Assessment_Submission
CAP-CSE-016-2026-Q3,CSE-016,2026-Q3,Investigation,Established,Assessment_Submission
CAP-CSE-016-2026-Q4,CSE-016,2026-Q4,Cyber Resilience,Mature,Control_Mapping
CAP-CSE-017-2025-Q3,CSE-017,2025-Q3,Cyber Resilience,Mature,Assessment_Submission
CAP-CSE-017-2025-Q4,CSE-017,2025-Q4,Investigation,Established,Assessment_Submission
CAP-CSE-017-2026-Q1,CSE-017,2026-Q1,Incident Response,Mature,Assessment_Submission
CAP-CSE-017-2026-Q2,CSE-017,2026-Q2,Cyber Resilience,Established,Control_Mapping
CAP-CSE-017-2026-Q3,CSE-017,2026-Q3,Incident Response,Managed,SOC_Report
CAP-CSE-017-2026-Q4,CSE-017,2026-Q4,Security Operations,Established,SOC_Report
CAP-CSE-018-2025-Q3,CSE-018,2025-Q3,Threat Detection,Managed,SOC_Report
CAP-CSE-018-2025-Q4,CSE-018,2025-Q4,Security Operations,Mature,Control_Mapping
CAP-CSE-018-2026-Q1,CSE-018,2026-Q1,Threat Detection,Mature,Assessment_Submission
CAP-CSE-018-2026-Q2,CSE-018,2026-Q2,Incident Response,Established,SOC_Report
CAP-CSE-018-2026-Q3,CSE-018,2026-Q3,Investigation,Established,Assessment_Submission
CAP-CSE-018-2026-Q4,CSE-018,2026-Q4,Threat Detection,Standardized,Control_Mapping
CAP-CSE-019-2025-Q3,CSE-019,2025-Q3,Security Operations,Managed,SOC_Report
CAP-CSE-019-2025-Q4,CSE-019,2025-Q4,Incident Response,Established,Control_Mapping
CAP-CSE-019-2026-Q1,CSE-019,2026-Q1,Threat Detection,Managed,SOC_Report
CAP-CSE-019-2026-Q2,CSE-019,2026-Q2,Security Operations,Mature,Assessment_Submission
CAP-CSE-019-2026-Q3,CSE-019,2026-Q3,Security Operations,Standardized,Assessment_Submission
CAP-CSE-019-2026-Q4,CSE-019,2026-Q4,Threat Detection,Standardized,Control_Mapping
CAP-CSE-020-2025-Q3,CSE-020,2025-Q3,Threat Detection,Established,Control_Mapping
CAP-CSE-020-2025-Q4,CSE-020,2025-Q4,Cyber Resilience,Managed,Assessment_Submission
CAP-CSE-020-2026-Q1,CSE-020,2026-Q1,Security Operations,Managed,Assessment_Submission
CAP-CSE-020-2026-Q2,CSE-020,2026-Q2,Security Operations,Standardized,Assessment_Submission
CAP-CSE-020-2026-Q3,CSE-020,2026-Q3,Threat Detection,Managed,Assessment_Submission
CAP-CSE-020-2026-Q4,CSE-020,2026-Q4,Investigation,Standardized,SOC_Report
CAP-CSE-021-2025-Q3,CSE-021,2025-Q3,Threat Detection,Established,Assessment_Submission
CAP-CSE-021-2025-Q4,CSE-021,2025-Q4,Incident Response,Standardized,Control_Mapping
CAP-CSE-021-2026-Q1,CSE-021,2026-Q1,Investigation,Managed,Control_Mapping
CAP-CSE-021-2026-Q2,CSE-021,2026-Q2,Threat Detection,Established,Control_Mapping
CAP-CSE-021-2026-Q3,CSE-021,2026-Q3,Threat Detection,Mature,Control_Mapping
CAP-CSE-021-2026-Q4,CSE-021,2026-Q4,Cyber Resilience,Standardized,Control_Mapping
CAP-CSE-022-2025-Q3,CSE-022,2025-Q3,Security Operations,Mature,Assessment_Submission
CAP-CSE-022-2025-Q4,CSE-022,2025-Q4,Cyber Resilience,Mature,SOC_Report
CAP-CSE-022-2026-Q1,CSE-022,2026-Q1,Security Operations,Established,Assessment_Submission
CAP-CSE-022-2026-Q2,CSE-022,2026-Q2,Investigation,Managed,Control_Mapping
CAP-CSE-022-2026-Q3,CSE-022,2026-Q3,Incident Response,Managed,Assessment_Submission
CAP-CSE-022-2026-Q4,CSE-022,2026-Q4,Threat Detection,Standardized,Assessment_Submission
CAP-CSE-023-2025-Q3,CSE-023,2025-Q3,Security Operations,Managed,Control_Mapping
CAP-CSE-023-2025-Q4,CSE-023,2025-Q4,Cyber Resilience,Standardized,SOC_Report
CAP-CSE-023-2026-Q1,CSE-023,2026-Q1,Threat Detection,Mature,Assessment_Submission
CAP-CSE-023-2026-Q2,CSE-023,2026-Q2,Incident Response,Established,SOC_Report
CAP-CSE-023-2026-Q3,CSE-023,2026-Q3,Security Operations,Established,SOC_Report
CAP-CSE-023-2026-Q4,CSE-023,2026-Q4,Security Operations,Mature,Control_Mapping
CAP-CSE-024-2025-Q3,CSE-024,2025-Q3,Investigation,Established,Control_Mapping
CAP-CSE-024-2025-Q4,CSE-024,2025-Q4,Incident Response,Managed,Assessment_Submission
CAP-CSE-024-2026-Q1,CSE-024,2026-Q1,Cyber Resilience,Managed,SOC_Report
CAP-CSE-024-2026-Q2,CSE-024,2026-Q2,Cyber Resilience,Managed,SOC_Report
CAP-CSE-024-2026-Q3,CSE-024,2026-Q3,Security Operations,Established,Control_Mapping
CAP-CSE-024-2026-Q4,CSE-024,2026-Q4,Investigation,Established,Control_Mapping
CAP-CSE-025-2025-Q3,CSE-025,2025-Q3,Investigation,Established,Control_Mapping
CAP-CSE-025-2025-Q4,CSE-025,2025-Q4,Cyber Resilience,Mature,Assessment_Submission
CAP-CSE-025-2026-Q1,CSE-025,2026-Q1,Incident Response,Managed,SOC_Report
CAP-CSE-025-2026-Q2,CSE-025,2026-Q2,Incident Response,Standardized,Control_Mapping
CAP-CSE-025-2026-Q3,CSE-025,2026-Q3,Incident Response,Mature,Control_Mapping
CAP-CSE-025-2026-Q4,CSE-025,2026-Q4,Investigation,Managed,Assessment_Submission
CAP-CSE-026-2025-Q3,CSE-026,2025-Q3,Threat Detection,Managed,Assessment_Submission
CAP-CSE-026-2025-Q4,CSE-026,2025-Q4,Threat Detection,Standardized,Control_Mapping
CAP-CSE-026-2026-Q1,CSE-026,2026-Q1,Cyber Resilience,Established,SOC_Report
CAP-CSE-026-2026-Q2,CSE-026,2026-Q2,Incident Response,Standardized,Assessment_Submission
CAP-CSE-026-2026-Q3,CSE-026,2026-Q3,Incident Response,Standardized,SOC_Report
CAP-CSE-026-2026-Q4,CSE-026,2026-Q4,Threat Detection,Standardized,Assessment_Submission
CAP-CSE-027-2025-Q3,CSE-027,2025-Q3,Security Operations,Established,Assessment_Submission
CAP-CSE-027-2025-Q4,CSE-027,2025-Q4,Threat Detection,Managed,Control_Mapping
CAP-CSE-027-2026-Q1,CSE-027,2026-Q1,Threat Detection,Managed,Control_Mapping
CAP-CSE-027-2026-Q2,CSE-027,2026-Q2,Security Operations,Mature,Assessment_Submission
CAP-CSE-027-2026-Q3,CSE-027,2026-Q3,Investigation,Managed,Control_Mapping
CAP-CSE-027-2026-Q4,CSE-027,2026-Q4,Security Operations,Established,Control_Mapping
CAP-CSE-028-2025-Q3,CSE-028,2025-Q3,Cyber Resilience,Established,Assessment_Submission
CAP-CSE-028-2025-Q4,CSE-028,2025-Q4,Security Operations,Mature,Control_Mapping
CAP-CSE-028-2026-Q1,CSE-028,2026-Q1,Security Operations,Established,Assessment_Submission
CAP-CSE-028-2026-Q2,CSE-028,2026-Q2,Security Operations,Managed,Assessment_Submission
CAP-CSE-028-2026-Q3,CSE-028,2026-Q3,Investigation,Managed,SOC_Report
CAP-CSE-028-2026-Q4,CSE-028,2026-Q4,Cyber Resilience,Established,SOC_Report
CAP-CSE-029-2025-Q3,CSE-029,2025-Q3,Security Operations,Mature,Control_Mapping
CAP-CSE-029-2025-Q4,CSE-029,2025-Q4,Incident Response,Managed,Assessment_Submission
CAP-CSE-029-2026-Q1,CSE-029,2026-Q1,Investigation,Established,Control_Mapping
CAP-CSE-029-2026-Q2,CSE-029,2026-Q2,Incident Response,Established,Control_Mapping
CAP-CSE-029-2026-Q3,CSE-029,2026-Q3,Security Operations,Managed,Assessment_Submission
CAP-CSE-029-2026-Q4,CSE-029,2026-Q4,Incident Response,Established,Control_Mapping
CAP-CSE-030-2025-Q3,CSE-030,2025-Q3,Security Operations,Mature,SOC_Report
CAP-CSE-030-2025-Q4,CSE-030,2025-Q4,Cyber Resilience,Mature,SOC_Report
CAP-CSE-030-2026-Q1,CSE-030,2026-Q1,Security Operations,Established,Assessment_Submission
CAP-CSE-030-2026-Q2,CSE-030,2026-Q2,Cyber Resilience,Managed,Assessment_Submission
CAP-CSE-030-2026-Q3,CSE-030,2026-Q3,Investigation,Managed,SOC_Report
CAP-CSE-030-2026-Q4,CSE-030,2026-Q4,Security Operations,Established,Control_Mapping
