cse_id,cse_name,organization_type,sector,region,operational_scale,assessment_group,asset_scale,soc_scale
CSE-001,Fictional Public Utility 01,Public_Utility,Energy,West,Small,Energy-Small,43,Lean
CSE-002,Fictional Financial Institution 02,Financial_Institution,Transport,South,Large,Transport-Large,114,Extended
CSE-003,Fictional Telecom Operator 03,Telecom_Operator,Telecom,Central,Small,Telecom-Small,41,Lean
CSE-004,Fictional Transport Operator 04,Transport_Operator,Finance,East,Medium,Finance-Medium,53,Standard
CSE-005,Fictional Strategic Service 05,Strategic_Service,Defence_Support,North,Large,Defence_Support-Large,102,Extended
CSE-006,Fictional Public Utility 06,Public_Utility,Energy,West,Medium,Energy-Medium,61,Standard
CSE-007,Fictional Financial Institution 07,Financial_Institution,Transport,South,Large,Transport-Large,82,Extended
CSE-008,Fictional Telecom Operator 08,Telecom_Operator,Telecom,Central,Medium,Telecom-Medium,48,Standard
CSE-009,Fictional Transport Operator 09,Transport_Operator,Finance,East,Small,Finance-Small,37,Lean
CSE-010,Fictional Strategic Service 10,Strategic_Service,Defence_Support,North,Medium,Defence_Support-Medium,75,Standard
CSE-011,Fictional Public Utility 11,Public_Utility,Energy,West,Large,Energy-Large,108,Extended
CSE-012,Fictional Financial Institution 12,Financial_Institution,Transport,South,Medium,Transport-Medium,70,Standard
CSE-013,Fictional Telecom Operator 13,Telecom_Operator,Telecom,Central,Large,Telecom-Large,107,Extended
CSE-014,Fictional Transport Operator 14,Transport_Operator,Finance,East,Medium,Finance-Medium,65,Standard
CSE-015,Fictional Strategic Service 15,Strategic_Service,Defence_Support,North,Large,Defence_Support-Large,79,Extended
CSE-016,Fictional Public Utility 16,Public_Utility,Energy,West,Large,Energy-Large,101,Extended
CSE-017,Fictional Financial Institution 17,Financial_Institution,Transport,South,Medium,Transport-Medium,58,Standard
CSE-018,Fictional Telecom Operator 18,Telecom_Operator,Telecom,Central,Medium,Telecom-Medium,74,Standard
CSE-019,Fictional Transport Operator 19,Transport_Operator,Finance,East,Large,Finance-Large,84,Extended
CSE-020,Fictional Strategic Service 20,Strategic_Service,Defence_Support,North,Medium,Defence_Support-Medium,62,Standard
CSE-021,Fictional Public Utility 21,Public_Utility,Energy,West,Large,Energy-Large,112,Extended
CSE-022,Fictional Financial Institution 22,Financial_Institution,Transport,South,Small,Transport-Small,38,Lean
CSE-023,Fictional Telecom Operator 23,Telecom_Operator,Telecom,Central,Medium,Telecom-Medium,63,Standard
CSE-024,Fictional Transport Operator 24,Transport_Operator,Finance,East,Large,Finance-Large,91,Extended
CSE-025,Fictional Strategic Service 25,Strategic_Service,Defence_Support,North,Large,Defence_Support-Large,100,Extended
CSE-026,Fictional Public Utility 26,Public_Utility,Energy,West,Small,Energy-Small,34,Lean
CSE-027,Fictional Financial Institution 27,Financial_Institution,Transport,South,Small,Transport-Small,27,Lean
CSE-028,Fictional Telecom Operator 28,Telecom_Operator,Telecom,Central,Medium,Telecom-Medium,66,Standard
CSE-029,Fictional Transport Operator 29,Transport_Operator,Finance,East,Small,Finance-Small,36,Lean
CSE-030,Fictional Strategic Service 30,Strategic_Service,Defence_Support,North,Large,Defence_Support-Large,100,Extended
