dataset,field,data_type,meaning,nullable,allowed_values,key_role,source_category,analytical_usage
cse_entities.csv,cse_id,string,Links the record to a CSE entity,No,,foreign key,PS core design,"Filtering, feature generation, lifecycle/evidence/peer/historical analysis"
cse_entities.csv,cse_name,string,Field used for cse name analysis.,No,,attribute,PS core design,"Filtering, feature generation, lifecycle/evidence/peer/historical analysis"
cse_entities.csv,organization_type,string,Field used for organization type analysis.,No,,attribute,PS core design,"Filtering, feature generation, lifecycle/evidence/peer/historical analysis"
cse_entities.csv,sector,string,Field used for sector analysis.,No,,attribute,PS core design,"Filtering, feature generation, lifecycle/evidence/peer/historical analysis"
cse_entities.csv,region,string,Field used for region analysis.,No,,attribute,PS core design,"Filtering, feature generation, lifecycle/evidence/peer/historical analysis"
cse_entities.csv,operational_scale,string,Field used for operational scale analysis.,No,,attribute,PS core design,"Filtering, feature generation, lifecycle/evidence/peer/historical analysis"
cse_entities.csv,assessment_group,string,Field used for assessment group analysis.,No,,attribute,PS core design,"Filtering, feature generation, lifecycle/evidence/peer/historical analysis"
cse_entities.csv,asset_scale,integer,Field used for asset scale analysis.,No,,attribute,PS core design,"Filtering, feature generation, lifecycle/evidence/peer/historical analysis"
cse_entities.csv,soc_scale,string,Field used for soc scale analysis.,No,,attribute,PS core design,"Filtering, feature generation, lifecycle/evidence/peer/historical analysis"
assessment_periods.csv,assessment_period,string,Links the record to an assessment period,No,,foreign key,CyberLens supporting design,"Filtering, feature generation, lifecycle/evidence/peer/historical analysis"
assessment_periods.csv,period_start,string,Field used for period start analysis.,No,,attribute,CyberLens supporting design,"Filtering, feature generation, lifecycle/evidence/peer/historical analysis"
assessment_periods.csv,period_end,string,Field used for period end analysis.,No,,attribute,CyberLens supporting design,"Filtering, feature generation, lifecycle/evidence/peer/historical analysis"
assessment_periods.csv,period_type,string,Field used for period type analysis.,No,,attribute,CyberLens supporting design,"Filtering, feature generation, lifecycle/evidence/peer/historical analysis"
assessment_periods.csv,data_status,string,Field used for data status analysis.,No,,attribute,CyberLens supporting design,"Filtering, feature generation, lifecycle/evidence/peer/historical analysis"
alerts.csv,alert_id,string,Unique synthetic alert identifier,No,,primary key,PS core data,"Filtering, feature generation, lifecycle/evidence/peer/historical analysis"
alerts.csv,cse_id,string,Links the record to a CSE entity,No,,foreign key,PS core data,"Filtering, feature generation, lifecycle/evidence/peer/historical analysis"
alerts.csv,assessment_period,string,Links the record to an assessment period,No,,foreign key,PS core data,"Filtering, feature generation, lifecycle/evidence/peer/historical analysis"
alerts.csv,alert_timestamp,datetime,Field used for alert timestamp analysis.,No,,attribute,PS core data,"Filtering, feature generation, lifecycle/evidence/peer/historical analysis"
alerts.csv,alert_category,string,Field used for alert category analysis.,No,,attribute,PS core data,"Filtering, feature generation, lifecycle/evidence/peer/historical analysis"
alerts.csv,alert_severity,string,Field used for alert severity analysis.,No,Low|Medium|High|Critical,attribute,PS core data,"Filtering, feature generation, lifecycle/evidence/peer/historical analysis"
alerts.csv,alert_status,string,Field used for alert status analysis.,No,,attribute,PS core data,"Filtering, feature generation, lifecycle/evidence/peer/historical analysis"
alerts.csv,asset_id,string,Links an alert/monitoring row to an asset,Yes,,foreign key,PS core data,"Filtering, feature generation, lifecycle/evidence/peer/historical analysis"
alerts.csv,acknowledgement_timestamp,datetime,Field used for acknowledgement timestamp analysis.,No,,attribute,PS core data,"Filtering, feature generation, lifecycle/evidence/peer/historical analysis"
alerts.csv,closure_timestamp,datetime,Field used for closure timestamp analysis.,Yes,,attribute,PS core data,"Filtering, feature generation, lifecycle/evidence/peer/historical analysis"
alerts.csv,disposition,string,Field used for disposition analysis.,No,,attribute,PS core data,"Filtering, feature generation, lifecycle/evidence/peer/historical analysis"
alerts.csv,escalation_status,string,Field used for escalation status analysis.,No,,attribute,PS core data,"Filtering, feature generation, lifecycle/evidence/peer/historical analysis"
alerts.csv,case_id,string,Unique synthetic case identifier,Yes,,primary key,PS core data,"Filtering, feature generation, lifecycle/evidence/peer/historical analysis"
alerts.csv,source_system,string,Field used for source system analysis.,No,,attribute,PS core data,"Filtering, feature generation, lifecycle/evidence/peer/historical analysis"
alerts.csv,detection_method,string,Field used for detection method analysis.,No,,attribute,PS core data,"Filtering, feature generation, lifecycle/evidence/peer/historical analysis"
alerts.csv,priority,string,Field used for priority analysis.,No,,attribute,PS core data,"Filtering, feature generation, lifecycle/evidence/peer/historical analysis"
alerts.csv,evidence_available,string,Field used for evidence available analysis.,No,,attribute,PS core data,"Filtering, feature generation, lifecycle/evidence/peer/historical analysis"
investigations.csv,investigation_id,string,Unique synthetic investigation identifier,Yes,,primary key,PS core data,"Filtering, feature generation, lifecycle/evidence/peer/historical analysis"
investigations.csv,cse_id,string,Links the record to a CSE entity,No,,foreign key,PS core data,"Filtering, feature generation, lifecycle/evidence/peer/historical analysis"
investigations.csv,assessment_period,string,Links the record to an assessment period,No,,foreign key,PS core data,"Filtering, feature generation, lifecycle/evidence/peer/historical analysis"
investigations.csv,alert_id,string,Unique synthetic alert identifier,No,,primary key,PS core data,"Filtering, feature generation, lifecycle/evidence/peer/historical analysis"
investigations.csv,case_id,string,Unique synthetic case identifier,Yes,,primary key,PS core data,"Filtering, feature generation, lifecycle/evidence/peer/historical analysis"
investigations.csv,investigation_start,string,Field used for investigation start analysis.,No,,attribute,PS core data,"Filtering, feature generation, lifecycle/evidence/peer/historical analysis"
investigations.csv,investigation_completion,string,Field used for investigation completion analysis.,No,,attribute,PS core data,"Filtering, feature generation, lifecycle/evidence/peer/historical analysis"
investigations.csv,investigation_status,string,Field used for investigation status analysis.,No,,attribute,PS core data,"Filtering, feature generation, lifecycle/evidence/peer/historical analysis"
investigations.csv,investigation_outcome,string,Field used for investigation outcome analysis.,No,,attribute,PS core data,"Filtering, feature generation, lifecycle/evidence/peer/historical analysis"
investigations.csv,investigation_evidence,string,Field used for investigation evidence analysis.,Yes,,attribute,PS core data,"Filtering, feature generation, lifecycle/evidence/peer/historical analysis"
investigations.csv,analyst_activity_metadata,string,Field used for analyst activity metadata analysis.,No,,attribute,PS core data,"Filtering, feature generation, lifecycle/evidence/peer/historical analysis"
investigations.csv,evidence_count,integer,Field used for evidence count analysis.,No,,attribute,PS core data,"Filtering, feature generation, lifecycle/evidence/peer/historical analysis"
investigations.csv,root_cause_identified,string,Field used for root cause identified analysis.,No,,attribute,PS core data,"Filtering, feature generation, lifecycle/evidence/peer/historical analysis"
investigations.csv,remediation_required,string,Field used for remediation required analysis.,No,,attribute,PS core data,"Filtering, feature generation, lifecycle/evidence/peer/historical analysis"
investigations.csv,remediation_status,string,Field used for remediation status analysis.,No,,attribute,PS core data,"Filtering, feature generation, lifecycle/evidence/peer/historical analysis"
escalations.csv,escalation_id,string,Unique synthetic escalation identifier,No,,primary key,PS core data,"Filtering, feature generation, lifecycle/evidence/peer/historical analysis"
escalations.csv,cse_id,string,Links the record to a CSE entity,No,,foreign key,PS core data,"Filtering, feature generation, lifecycle/evidence/peer/historical analysis"
escalations.csv,assessment_period,string,Links the record to an assessment period,No,,foreign key,PS core data,"Filtering, feature generation, lifecycle/evidence/peer/historical analysis"
escalations.csv,alert_id,string,Unique synthetic alert identifier,No,,primary key,PS core data,"Filtering, feature generation, lifecycle/evidence/peer/historical analysis"
escalations.csv,case_id,string,Unique synthetic case identifier,Yes,,primary key,PS core data,"Filtering, feature generation, lifecycle/evidence/peer/historical analysis"
escalations.csv,investigation_id,string,Unique synthetic investigation identifier,Yes,,primary key,PS core data,"Filtering, feature generation, lifecycle/evidence/peer/historical analysis"
escalations.csv,escalation_timestamp,datetime,Field used for escalation timestamp analysis.,No,,attribute,PS core data,"Filtering, feature generation, lifecycle/evidence/peer/historical analysis"
escalations.csv,escalation_level,string,Field used for escalation level analysis.,No,,attribute,PS core data,"Filtering, feature generation, lifecycle/evidence/peer/historical analysis"
escalations.csv,escalation_status,string,Field used for escalation status analysis.,No,,attribute,PS core data,"Filtering, feature generation, lifecycle/evidence/peer/historical analysis"
escalations.csv,escalation_outcome,string,Field used for escalation outcome analysis.,No,,attribute,PS core data,"Filtering, feature generation, lifecycle/evidence/peer/historical analysis"
cases.csv,case_id,string,Unique synthetic case identifier,Yes,,primary key,PS core data,"Filtering, feature generation, lifecycle/evidence/peer/historical analysis"
cases.csv,cse_id,string,Links the record to a CSE entity,No,,foreign key,PS core data,"Filtering, feature generation, lifecycle/evidence/peer/historical analysis"
cases.csv,assessment_period,string,Links the record to an assessment period,No,,foreign key,PS core data,"Filtering, feature generation, lifecycle/evidence/peer/historical analysis"
cases.csv,associated_alerts,string,Field used for associated alerts analysis.,No,,attribute,PS core data,"Filtering, feature generation, lifecycle/evidence/peer/historical analysis"
cases.csv,case_creation_timestamp,datetime,Field used for case creation timestamp analysis.,No,,attribute,PS core data,"Filtering, feature generation, lifecycle/evidence/peer/historical analysis"
cases.csv,case_status,string,Field used for case status analysis.,No,,attribute,PS core data,"Filtering, feature generation, lifecycle/evidence/peer/historical analysis"
cases.csv,case_closure_timestamp,datetime,Field used for case closure timestamp analysis.,Yes,,attribute,PS core data,"Filtering, feature generation, lifecycle/evidence/peer/historical analysis"
cases.csv,case_lifecycle,string,Field used for case lifecycle analysis.,No,,attribute,PS core data,"Filtering, feature generation, lifecycle/evidence/peer/historical analysis"
cases.csv,remediation_status,string,Field used for remediation status analysis.,No,,attribute,PS core data,"Filtering, feature generation, lifecycle/evidence/peer/historical analysis"
cases.csv,case_evidence,string,Field used for case evidence analysis.,Yes,,attribute,PS core data,"Filtering, feature generation, lifecycle/evidence/peer/historical analysis"
cases.csv,investigation_id,string,Unique synthetic investigation identifier,Yes,,primary key,PS core data,"Filtering, feature generation, lifecycle/evidence/peer/historical analysis"
cases.csv,response_action,string,Field used for response action analysis.,No,,attribute,PS core data,"Filtering, feature generation, lifecycle/evidence/peer/historical analysis"
cases.csv,resolution_evidence,string,Field used for resolution evidence analysis.,Yes,,attribute,PS core data,"Filtering, feature generation, lifecycle/evidence/peer/historical analysis"
assets.csv,asset_id,string,Links an alert/monitoring row to an asset,Yes,,foreign key,PS core data,"Filtering, feature generation, lifecycle/evidence/peer/historical analysis"
assets.csv,cse_id,string,Links the record to a CSE entity,No,,foreign key,PS core data,"Filtering, feature generation, lifecycle/evidence/peer/historical analysis"
assets.csv,asset_type,string,Field used for asset type analysis.,No,,attribute,PS core data,"Filtering, feature generation, lifecycle/evidence/peer/historical analysis"
assets.csv,system_type,string,Field used for system type analysis.,No,,attribute,PS core data,"Filtering, feature generation, lifecycle/evidence/peer/historical analysis"
assets.csv,asset_criticality,string,Field used for asset criticality analysis.,No,Low|Medium|High|Critical,attribute,PS core data,"Filtering, feature generation, lifecycle/evidence/peer/historical analysis"
assets.csv,monitoring_status,string,Field used for monitoring status analysis.,No,Monitored|Partially_Monitored|Not_Monitored,attribute,PS core data,"Filtering, feature generation, lifecycle/evidence/peer/historical analysis"
assets.csv,control_association,string,Field used for control association analysis.,No,,attribute,PS core data,"Filtering, feature generation, lifecycle/evidence/peer/historical analysis"
assets.csv,business_criticality,string,Field used for business criticality analysis.,No,,attribute,PS core data,"Filtering, feature generation, lifecycle/evidence/peer/historical analysis"
assets.csv,environment,string,Field used for environment analysis.,No,,attribute,PS core data,"Filtering, feature generation, lifecycle/evidence/peer/historical analysis"
assets.csv,owner_group,string,Field used for owner group analysis.,No,,attribute,PS core data,"Filtering, feature generation, lifecycle/evidence/peer/historical analysis"
assets.csv,active_status,string,Field used for active status analysis.,No,,attribute,PS core data,"Filtering, feature generation, lifecycle/evidence/peer/historical analysis"
monitoring_evidence.csv,monitoring_record_id,string,Unique monitoring evidence record identifier,No,,primary key,CyberLens supporting data,"Filtering, feature generation, lifecycle/evidence/peer/historical analysis"
monitoring_evidence.csv,cse_id,string,Links the record to a CSE entity,No,,foreign key,CyberLens supporting data,"Filtering, feature generation, lifecycle/evidence/peer/historical analysis"
monitoring_evidence.csv,assessment_period,string,Links the record to an assessment period,No,,foreign key,CyberLens supporting data,"Filtering, feature generation, lifecycle/evidence/peer/historical analysis"
monitoring_evidence.csv,asset_id,string,Links an alert/monitoring row to an asset,Yes,,foreign key,CyberLens supporting data,"Filtering, feature generation, lifecycle/evidence/peer/historical analysis"
monitoring_evidence.csv,monitoring_status,string,Field used for monitoring status analysis.,No,Monitored|Partially_Monitored|Not_Monitored,attribute,CyberLens supporting data,"Filtering, feature generation, lifecycle/evidence/peer/historical analysis"
monitoring_evidence.csv,telemetry_availability,string,Field used for telemetry availability analysis.,No,,attribute,CyberLens supporting data,"Filtering, feature generation, lifecycle/evidence/peer/historical analysis"
monitoring_evidence.csv,coverage,decimal,Field used for coverage analysis.,No,,attribute,CyberLens supporting data,"Filtering, feature generation, lifecycle/evidence/peer/historical analysis"
monitoring_evidence.csv,evidence_timestamp,datetime,Field used for evidence timestamp analysis.,No,,attribute,CyberLens supporting data,"Filtering, feature generation, lifecycle/evidence/peer/historical analysis"
historical_assessments.csv,historical_record_id,string,Field used for historical record id analysis.,No,,attribute,CyberLens supporting data,"Filtering, feature generation, lifecycle/evidence/peer/historical analysis"
historical_assessments.csv,cse_id,string,Links the record to a CSE entity,No,,foreign key,CyberLens supporting data,"Filtering, feature generation, lifecycle/evidence/peer/historical analysis"
historical_assessments.csv,assessment_period,string,Links the record to an assessment period,No,,foreign key,CyberLens supporting data,"Filtering, feature generation, lifecycle/evidence/peer/historical analysis"
historical_assessments.csv,alert_volume,integer,Field used for alert volume analysis.,No,,attribute,CyberLens supporting data,"Filtering, feature generation, lifecycle/evidence/peer/historical analysis"
historical_assessments.csv,investigation_rate,decimal,Field used for investigation rate analysis.,No,,attribute,CyberLens supporting data,"Filtering, feature generation, lifecycle/evidence/peer/historical analysis"
historical_assessments.csv,escalation_rate,decimal,Field used for escalation rate analysis.,No,,attribute,CyberLens supporting data,"Filtering, feature generation, lifecycle/evidence/peer/historical analysis"
historical_assessments.csv,closure_rate,decimal,Field used for closure rate analysis.,No,,attribute,CyberLens supporting data,"Filtering, feature generation, lifecycle/evidence/peer/historical analysis"
historical_assessments.csv,monitoring_coverage,decimal,Field used for monitoring coverage analysis.,No,,attribute,CyberLens supporting data,"Filtering, feature generation, lifecycle/evidence/peer/historical analysis"
historical_assessments.csv,avg_investigation_minutes,string,Field used for avg investigation minutes analysis.,No,,attribute,CyberLens supporting data,"Filtering, feature generation, lifecycle/evidence/peer/historical analysis"
historical_assessments.csv,avg_closure_minutes,string,Field used for avg closure minutes analysis.,No,,attribute,CyberLens supporting data,"Filtering, feature generation, lifecycle/evidence/peer/historical analysis"
capabilities.csv,capability_record_id,string,Field used for capability record id analysis.,No,,attribute,CyberLens supporting data,"Filtering, feature generation, lifecycle/evidence/peer/historical analysis"
capabilities.csv,cse_id,string,Links the record to a CSE entity,No,,foreign key,CyberLens supporting data,"Filtering, feature generation, lifecycle/evidence/peer/historical analysis"
capabilities.csv,assessment_period,string,Links the record to an assessment period,No,,foreign key,CyberLens supporting data,"Filtering, feature generation, lifecycle/evidence/peer/historical analysis"
capabilities.csv,capability_family,string,Field used for capability family analysis.,No,,attribute,CyberLens supporting data,"Filtering, feature generation, lifecycle/evidence/peer/historical analysis"
capabilities.csv,declared_capability,string,Field used for declared capability analysis.,No,,attribute,CyberLens supporting data,"Filtering, feature generation, lifecycle/evidence/peer/historical analysis"
capabilities.csv,evidence_source,string,Field used for evidence source analysis.,No,,attribute,CyberLens supporting data,"Filtering, feature generation, lifecycle/evidence/peer/historical analysis"
kpis.csv,kpi_record_id,string,Field used for kpi record id analysis.,No,,attribute,CyberLens supporting data,"Filtering, feature generation, lifecycle/evidence/peer/historical analysis"
kpis.csv,cse_id,string,Links the record to a CSE entity,No,,foreign key,CyberLens supporting data,"Filtering, feature generation, lifecycle/evidence/peer/historical analysis"
kpis.csv,assessment_period,string,Links the record to an assessment period,No,,foreign key,CyberLens supporting data,"Filtering, feature generation, lifecycle/evidence/peer/historical analysis"
kpis.csv,kpi_name,string,Field used for kpi name analysis.,No,,attribute,CyberLens supporting data,"Filtering, feature generation, lifecycle/evidence/peer/historical analysis"
kpis.csv,target_value,decimal,Field used for target value analysis.,No,,attribute,CyberLens supporting data,"Filtering, feature generation, lifecycle/evidence/peer/historical analysis"
kpis.csv,reported_value,decimal,Field used for reported value analysis.,No,,attribute,CyberLens supporting data,"Filtering, feature generation, lifecycle/evidence/peer/historical analysis"
kpis.csv,unit,string,Field used for unit analysis.,No,,attribute,CyberLens supporting data,"Filtering, feature generation, lifecycle/evidence/peer/historical analysis"
kpis.csv,evidence_source,string,Field used for evidence source analysis.,No,,attribute,CyberLens supporting data,"Filtering, feature generation, lifecycle/evidence/peer/historical analysis"
evidence_records.csv,evidence_record_id,string,Field used for evidence record id analysis.,No,,attribute,CyberLens supporting data,"Filtering, feature generation, lifecycle/evidence/peer/historical analysis"
evidence_records.csv,cse_id,string,Links the record to a CSE entity,No,,foreign key,CyberLens supporting data,"Filtering, feature generation, lifecycle/evidence/peer/historical analysis"
evidence_records.csv,assessment_period,string,Links the record to an assessment period,No,,foreign key,CyberLens supporting data,"Filtering, feature generation, lifecycle/evidence/peer/historical analysis"
evidence_records.csv,source_dataset,string,Field used for source dataset analysis.,No,,attribute,CyberLens supporting data,"Filtering, feature generation, lifecycle/evidence/peer/historical analysis"
evidence_records.csv,source_record_id,string,Field used for source record id analysis.,No,,attribute,CyberLens supporting data,"Filtering, feature generation, lifecycle/evidence/peer/historical analysis"
evidence_records.csv,evidence_type,string,Field used for evidence type analysis.,No,,attribute,CyberLens supporting data,"Filtering, feature generation, lifecycle/evidence/peer/historical analysis"
evidence_records.csv,evidence_reference,string,Field used for evidence reference analysis.,No,,attribute,CyberLens supporting data,"Filtering, feature generation, lifecycle/evidence/peer/historical analysis"
evidence_records.csv,evidence_timestamp,datetime,Field used for evidence timestamp analysis.,No,,attribute,CyberLens supporting data,"Filtering, feature generation, lifecycle/evidence/peer/historical analysis"
evidence_records.csv,availability,string,Field used for availability analysis.,No,,attribute,CyberLens supporting data,"Filtering, feature generation, lifecycle/evidence/peer/historical analysis"
control_mappings.csv,control_id,string,Field used for control id analysis.,No,,attribute,CyberLens supporting data,"Filtering, feature generation, lifecycle/evidence/peer/historical analysis"
control_mappings.csv,capability_family,string,Field used for capability family analysis.,No,,attribute,CyberLens supporting data,"Filtering, feature generation, lifecycle/evidence/peer/historical analysis"
control_mappings.csv,mapping_description,string,Field used for mapping description analysis.,No,,attribute,CyberLens supporting data,"Filtering, feature generation, lifecycle/evidence/peer/historical analysis"
control_mappings.csv,mapping_version,string,Field used for mapping version analysis.,No,,attribute,CyberLens supporting data,"Filtering, feature generation, lifecycle/evidence/peer/historical analysis"
expected_evidence.csv,expected_evidence_id,string,Field used for expected evidence id analysis.,No,,attribute,CyberLens supporting data,"Filtering, feature generation, lifecycle/evidence/peer/historical analysis"
expected_evidence.csv,object_type,string,Field used for object type analysis.,No,,attribute,CyberLens supporting data,"Filtering, feature generation, lifecycle/evidence/peer/historical analysis"
expected_evidence.csv,evidence_category,string,Field used for evidence category analysis.,No,,attribute,CyberLens supporting data,"Filtering, feature generation, lifecycle/evidence/peer/historical analysis"
expected_evidence.csv,requirement_level,string,Field used for requirement level analysis.,No,,attribute,CyberLens supporting data,"Filtering, feature generation, lifecycle/evidence/peer/historical analysis"
expected_evidence.csv,definition,string,Field used for definition analysis.,No,,attribute,CyberLens supporting data,"Filtering, feature generation, lifecycle/evidence/peer/historical analysis"
expected_evidence.csv,source_dataset,string,Field used for source dataset analysis.,No,,attribute,CyberLens supporting data,"Filtering, feature generation, lifecycle/evidence/peer/historical analysis"
expected_evidence.csv,version,string,Field used for version analysis.,No,,attribute,CyberLens supporting data,"Filtering, feature generation, lifecycle/evidence/peer/historical analysis"
