escalation_id,cse_id,assessment_period,alert_id,case_id,investigation_id,escalation_timestamp,escalation_level,escalation_status,escalation_outcome
ESC-CSE-001-2025Q3-00050,CSE-001,2025-Q3,ALT-CSE-001-2025Q3-00050,CASE-CSE-001-2025Q3-00050,INV-CSE-001-2025Q3-00050,2025-07-21T09:19:55,L2,Closed,No_Further_Action
ESC-CSE-001-2025Q3-00054,CSE-001,2025-Q3,ALT-CSE-001-2025Q3-00054,,INV-CSE-001-2025Q3-00054,2025-08-08T02:05:26,L3,Closed,Additional_Review
ESC-CSE-001-2025Q4-00057,CSE-001,2025-Q4,ALT-CSE-001-2025Q4-00057,CASE-CSE-001-2025Q4-00057,INV-CSE-001-2025Q4-00057,2025-11-25T03:26:43,L2,Acknowledged,Additional_Review
ESC-CSE-001-2026Q1-00010,CSE-001,2026-Q1,ALT-CSE-001-2026Q1-00010,,INV-CSE-001-2026Q1-00010,2026-01-19T20:40:03,L3,Acknowledged,Management_Notified
ESC-CSE-001-2026Q1-00068,CSE-001,2026-Q1,ALT-CSE-001-2026Q1-00068,CASE-CSE-001-2026Q1-00068,INV-CSE-001-2026Q1-00068,2026-03-25T18:21:11,Management,Acknowledged,Additional_Review
ESC-CSE-001-2026Q2-00027,CSE-001,2026-Q2,ALT-CSE-001-2026Q2-00027,,INV-CSE-001-2026Q2-00027,2026-06-16T09:42:09,L1,Closed,Management_Notified
ESC-CSE-001-2026Q2-00039,CSE-001,2026-Q2,ALT-CSE-001-2026Q2-00039,,INV-CSE-001-2026Q2-00039,2026-05-01T15:58:22,L1,Closed,No_Further_Action
ESC-CSE-001-2026Q2-00054,CSE-001,2026-Q2,ALT-CSE-001-2026Q2-00054,,INV-CSE-001-2026Q2-00054,2026-06-09T14:11:37,Management,Closed,Transferred
ESC-CSE-001-2026Q2-00059,CSE-001,2026-Q2,ALT-CSE-001-2026Q2-00059,,INV-CSE-001-2026Q2-00059,2026-05-09T18:25:50,L2,Closed,Additional_Review
ESC-CSE-001-2026Q3-00013,CSE-001,2026-Q3,ALT-CSE-001-2026Q3-00013,,INV-CSE-001-2026Q3-00013,2026-07-16T06:07:41,L1,Acknowledged,Additional_Review
ESC-CSE-001-2026Q3-00024,CSE-001,2026-Q3,ALT-CSE-001-2026Q3-00024,,INV-CSE-001-2026Q3-00024,2026-08-25T21:17:41,L3,Open,Management_Notified
ESC-CSE-002-2025Q3-00009,CSE-002,2025-Q3,ALT-CSE-002-2025Q3-00009,,INV-CSE-002-2025Q3-00009,2025-09-02T17:01:27,Management,Acknowledged,Additional_Review
ESC-CSE-002-2025Q3-00094,CSE-002,2025-Q3,ALT-CSE-002-2025Q3-00094,,INV-CSE-002-2025Q3-00094,2025-09-10T09:14:35,L3,Closed,No_Further_Action
ESC-CSE-002-2025Q4-00014,CSE-002,2025-Q4,ALT-CSE-002-2025Q4-00014,CASE-CSE-002-2025Q4-00014,INV-CSE-002-2025Q4-00014,2025-10-05T21:19:29,L2,Open,Additional_Review
ESC-CSE-002-2025Q4-00030,CSE-002,2025-Q4,ALT-CSE-002-2025Q4-00030,,INV-CSE-002-2025Q4-00030,2025-10-13T07:30:04,Management,Closed,Additional_Review
ESC-CSE-002-2025Q4-00046,CSE-002,2025-Q4,ALT-CSE-002-2025Q4-00046,CASE-CSE-002-2025Q4-00046,INV-CSE-002-2025Q4-00046,2025-11-06T13:40:38,L1,Closed,Transferred
ESC-CSE-002-2025Q4-00052,CSE-002,2025-Q4,ALT-CSE-002-2025Q4-00052,,INV-CSE-002-2025Q4-00052,2025-12-23T22:42:38,L1,Completed,No_Further_Action
ESC-CSE-002-2025Q4-00122,CSE-002,2025-Q4,ALT-CSE-002-2025Q4-00122,CASE-CSE-002-2025Q4-00122,INV-CSE-002-2025Q4-00122,2025-12-27T16:30:13,L1,Acknowledged,Additional_Review
ESC-CSE-002-2025Q4-00174,CSE-002,2025-Q4,ALT-CSE-002-2025Q4-00174,,INV-CSE-002-2025Q4-00174,2025-12-02T19:45:09,L3,Closed,Additional_Review
ESC-CSE-002-2026Q1-00081,CSE-002,2026-Q1,ALT-CSE-002-2026Q1-00081,CASE-CSE-002-2026Q1-00081,INV-CSE-002-2026Q1-00081,2026-03-07T13:19:51,Management,Closed,Additional_Review
ESC-CSE-002-2026Q1-00082,CSE-002,2026-Q1,ALT-CSE-002-2026Q1-00082,CASE-CSE-002-2026Q1-00082,INV-CSE-002-2026Q1-00082,2026-01-21T02:58:46,Management,Acknowledged,Transferred
ESC-CSE-002-2026Q2-00032,CSE-002,2026-Q2,ALT-CSE-002-2026Q2-00032,,INV-CSE-002-2026Q2-00032,2026-05-12T08:23:39,L2,Open,Transferred
ESC-CSE-002-2026Q2-00079,CSE-002,2026-Q2,ALT-CSE-002-2026Q2-00079,,INV-CSE-002-2026Q2-00079,2026-05-20T14:55:04,Management,Closed,Additional_Review
ESC-CSE-002-2026Q2-00149,CSE-002,2026-Q2,ALT-CSE-002-2026Q2-00149,CASE-CSE-002-2026Q2-00149,INV-CSE-002-2026Q2-00149,2026-05-17T06:11:37,L3,Closed,Transferred
ESC-CSE-002-2026Q2-00189,CSE-002,2026-Q2,ALT-CSE-002-2026Q2-00189,,INV-CSE-002-2026Q2-00189,2026-06-16T03:47:02,L1,Acknowledged,Management_Notified
ESC-CSE-002-2026Q3-00080,CSE-002,2026-Q3,ALT-CSE-002-2026Q3-00080,CASE-CSE-002-2026Q3-00080,INV-CSE-002-2026Q3-00080,2026-08-07T10:04:17,Management,Open,Additional_Review
ESC-CSE-002-2026Q3-00108,CSE-002,2026-Q3,ALT-CSE-002-2026Q3-00108,CASE-CSE-002-2026Q3-00108,INV-CSE-002-2026Q3-00108,2026-07-17T22:08:18,L3,Completed,No_Further_Action
ESC-CSE-002-2026Q4-00027,CSE-002,2026-Q4,ALT-CSE-002-2026Q4-00027,,INV-CSE-002-2026Q4-00027,2026-12-28T08:39:42,L2,Open,Additional_Review
ESC-CSE-002-2026Q4-00134,CSE-002,2026-Q4,ALT-CSE-002-2026Q4-00134,,INV-CSE-002-2026Q4-00134,2026-11-03T12:25:29,L2,Acknowledged,Transferred
ESC-CSE-002-2026Q4-00154,CSE-002,2026-Q4,ALT-CSE-002-2026Q4-00154,CASE-CSE-002-2026Q4-00154,INV-CSE-002-2026Q4-00154,2026-11-11T00:57:59,L3,Closed,Management_Notified
ESC-CSE-003-2026Q1-00006,CSE-003,2026-Q1,ALT-CSE-003-2026Q1-00006,CASE-CSE-003-2026Q1-00006,INV-CSE-003-2026Q1-00006,2026-03-22T07:15:10,L3,Acknowledged,Additional_Review
ESC-CSE-003-2026Q1-00065,CSE-003,2026-Q1,ALT-CSE-003-2026Q1-00065,CASE-CSE-003-2026Q1-00065,INV-CSE-003-2026Q1-00065,2026-02-26T22:32:45,Management,Open,Additional_Review
ESC-CSE-003-2026Q2-00015,CSE-003,2026-Q2,ALT-CSE-003-2026Q2-00015,,INV-CSE-003-2026Q2-00015,2026-04-06T23:57:56,L3,Closed,Management_Notified
ESC-CSE-003-2026Q4-00003,CSE-003,2026-Q4,ALT-CSE-003-2026Q4-00003,CASE-CSE-003-2026Q4-00003,INV-CSE-003-2026Q4-00003,2026-11-07T06:34:36,Management,Completed,Transferred
ESC-CSE-004-2025Q4-00064,CSE-004,2025-Q4,ALT-CSE-004-2025Q4-00064,,INV-CSE-004-2025Q4-00064,2025-11-12T10:56:50,L1,Acknowledged,Management_Notified
ESC-CSE-004-2026Q1-00072,CSE-004,2026-Q1,ALT-CSE-004-2026Q1-00072,CASE-CSE-004-2026Q1-00072,INV-CSE-004-2026Q1-00072,2026-01-19T14:41:14,L2,Closed,Transferred
ESC-CSE-005-2025Q3-00012,CSE-005,2025-Q3,ALT-CSE-005-2025Q3-00012,,INV-CSE-005-2025Q3-00012,2025-08-01T11:06:50,L3,Acknowledged,Additional_Review
ESC-CSE-005-2026Q3-00001,CSE-005,2026-Q3,ALT-CSE-005-2026Q3-00001,,INV-CSE-005-2026Q3-00001,2026-09-28T04:30:38,L2,Open,Transferred
ESC-CSE-005-2026Q3-00056,CSE-005,2026-Q3,ALT-CSE-005-2026Q3-00056,,INV-CSE-005-2026Q3-00056,2026-08-07T18:06:42,Management,Completed,No_Further_Action
ESC-CSE-005-2026Q4-00044,CSE-005,2026-Q4,ALT-CSE-005-2026Q4-00044,CASE-CSE-005-2026Q4-00044,INV-CSE-005-2026Q4-00044,2026-12-22T19:18:38,L1,Completed,No_Further_Action
ESC-CSE-006-2025Q4-00091,CSE-006,2025-Q4,ALT-CSE-006-2025Q4-00091,CASE-CSE-006-2025Q4-00091,INV-CSE-006-2025Q4-00091,2025-11-03T11:38:31,Management,Acknowledged,Additional_Review
ESC-CSE-006-2026Q2-00055,CSE-006,2026-Q2,ALT-CSE-006-2026Q2-00055,,INV-CSE-006-2026Q2-00055,2026-06-18T18:01:53,L2,Closed,Additional_Review
ESC-CSE-006-2026Q2-00068,CSE-006,2026-Q2,ALT-CSE-006-2026Q2-00068,,INV-CSE-006-2026Q2-00068,2026-04-04T01:16:25,L3,Completed,Management_Notified
ESC-CSE-006-2026Q2-00092,CSE-006,2026-Q2,ALT-CSE-006-2026Q2-00092,,INV-CSE-006-2026Q2-00092,2026-05-13T20:07:19,L3,Acknowledged,Transferred
ESC-CSE-006-2026Q3-00052,CSE-006,2026-Q3,ALT-CSE-006-2026Q3-00052,,INV-CSE-006-2026Q3-00052,2026-07-23T17:38:15,L3,Closed,Transferred
ESC-CSE-006-2026Q3-00072,CSE-006,2026-Q3,ALT-CSE-006-2026Q3-00072,,INV-CSE-006-2026Q3-00072,2026-07-30T19:26:49,L2,Closed,Transferred
ESC-CSE-006-2026Q4-00053,CSE-006,2026-Q4,ALT-CSE-006-2026Q4-00053,CASE-CSE-006-2026Q4-00053,INV-CSE-006-2026Q4-00053,2026-12-12T04:05:02,L3,Acknowledged,Management_Notified
ESC-CSE-006-2026Q4-00091,CSE-006,2026-Q4,ALT-CSE-006-2026Q4-00091,CASE-CSE-006-2026Q4-00091,INV-CSE-006-2026Q4-00091,2026-12-12T14:15:27,Management,Open,Management_Notified
ESC-CSE-006-2026Q4-00094,CSE-006,2026-Q4,ALT-CSE-006-2026Q4-00094,CASE-CSE-006-2026Q4-00094,INV-CSE-006-2026Q4-00094,2026-10-27T00:37:00,L3,Acknowledged,Transferred
ESC-CSE-007-2025Q4-00061,CSE-007,2025-Q4,ALT-CSE-007-2025Q4-00061,,INV-CSE-007-2025Q4-00061,2025-12-29T02:42:25,L3,Open,Additional_Review
ESC-CSE-007-2026Q4-00079,CSE-007,2026-Q4,ALT-CSE-007-2026Q4-00079,CASE-CSE-007-2026Q4-00079,INV-CSE-007-2026Q4-00079,2026-10-09T21:40:24,L2,Open,Additional_Review
ESC-CSE-008-2025Q3-00028,CSE-008,2025-Q3,ALT-CSE-008-2025Q3-00028,CASE-CSE-008-2025Q3-00028,INV-CSE-008-2025Q3-00028,2025-08-09T14:28:59,L2,Completed,Management_Notified
ESC-CSE-008-2025Q3-00049,CSE-008,2025-Q3,ALT-CSE-008-2025Q3-00049,,INV-CSE-008-2025Q3-00049,2025-07-09T21:21:49,Management,Closed,No_Further_Action
ESC-CSE-008-2025Q3-00054,CSE-008,2025-Q3,ALT-CSE-008-2025Q3-00054,,INV-CSE-008-2025Q3-00054,2025-09-01T14:34:20,L2,Open,Transferred
ESC-CSE-008-2025Q4-00070,CSE-008,2025-Q4,ALT-CSE-008-2025Q4-00070,CASE-CSE-008-2025Q4-00070,INV-CSE-008-2025Q4-00070,2025-12-22T23:57:35,L1,Completed,Management_Notified
ESC-CSE-008-2025Q4-00086,CSE-008,2025-Q4,ALT-CSE-008-2025Q4-00086,CASE-CSE-008-2025Q4-00086,INV-CSE-008-2025Q4-00086,2025-10-11T00:16:06,Management,Open,Management_Notified
ESC-CSE-008-2026Q1-00065,CSE-008,2026-Q1,ALT-CSE-008-2026Q1-00065,,INV-CSE-008-2026Q1-00065,2026-02-12T20:08:25,Management,Completed,No_Further_Action
ESC-CSE-008-2026Q2-00013,CSE-008,2026-Q2,ALT-CSE-008-2026Q2-00013,,INV-CSE-008-2026Q2-00013,2026-05-13T11:20:44,L1,Open,Transferred
ESC-CSE-008-2026Q2-00015,CSE-008,2026-Q2,ALT-CSE-008-2026Q2-00015,,INV-CSE-008-2026Q2-00015,2026-04-08T20:47:14,L2,Acknowledged,No_Further_Action
ESC-CSE-008-2026Q2-00028,CSE-008,2026-Q2,ALT-CSE-008-2026Q2-00028,,INV-CSE-008-2026Q2-00028,2026-04-17T03:14:25,L2,Acknowledged,No_Further_Action
ESC-CSE-008-2026Q2-00061,CSE-008,2026-Q2,ALT-CSE-008-2026Q2-00061,,INV-CSE-008-2026Q2-00061,2026-04-07T15:49:02,Management,Acknowledged,No_Further_Action
ESC-CSE-008-2026Q2-00069,CSE-008,2026-Q2,ALT-CSE-008-2026Q2-00069,,INV-CSE-008-2026Q2-00069,2026-06-11T21:39:25,L2,Closed,Management_Notified
ESC-CSE-008-2026Q3-00006,CSE-008,2026-Q3,ALT-CSE-008-2026Q3-00006,,INV-CSE-008-2026Q3-00006,2026-07-18T20:37:27,L2,Open,Management_Notified
ESC-CSE-008-2026Q3-00046,CSE-008,2026-Q3,ALT-CSE-008-2026Q3-00046,CASE-CSE-008-2026Q3-00046,INV-CSE-008-2026Q3-00046,2026-08-21T08:23:42,L1,Open,Transferred
ESC-CSE-008-2026Q3-00058,CSE-008,2026-Q3,ALT-CSE-008-2026Q3-00058,,INV-CSE-008-2026Q3-00058,2026-09-26T21:10:19,L3,Completed,Additional_Review
ESC-CSE-008-2026Q3-00075,CSE-008,2026-Q3,ALT-CSE-008-2026Q3-00075,,INV-CSE-008-2026Q3-00075,2026-07-19T23:09:25,Management,Acknowledged,No_Further_Action
ESC-CSE-008-2026Q3-00103,CSE-008,2026-Q3,ALT-CSE-008-2026Q3-00103,CASE-CSE-008-2026Q3-00103,INV-CSE-008-2026Q3-00103,2026-07-31T10:39:32,L2,Acknowledged,Management_Notified
ESC-CSE-009-2025Q3-00029,CSE-009,2025-Q3,ALT-CSE-009-2025Q3-00029,CASE-CSE-009-2025Q3-00029,INV-CSE-009-2025Q3-00029,2025-07-07T15:20:11,Management,Acknowledged,No_Further_Action
ESC-CSE-009-2025Q3-00042,CSE-009,2025-Q3,ALT-CSE-009-2025Q3-00042,,INV-CSE-009-2025Q3-00042,2025-08-16T16:59:13,Management,Completed,Transferred
ESC-CSE-009-2025Q4-00043,CSE-009,2025-Q4,ALT-CSE-009-2025Q4-00043,CASE-CSE-009-2025Q4-00043,INV-CSE-009-2025Q4-00043,2025-10-07T23:58:04,L3,Closed,No_Further_Action
ESC-CSE-009-2026Q2-00041,CSE-009,2026-Q2,ALT-CSE-009-2026Q2-00041,CASE-CSE-009-2026Q2-00041,INV-CSE-009-2026Q2-00041,2026-05-14T11:04:07,L2,Completed,Additional_Review
ESC-CSE-009-2026Q2-00059,CSE-009,2026-Q2,ALT-CSE-009-2026Q2-00059,,INV-CSE-009-2026Q2-00059,2026-05-19T05:57:01,L2,Completed,No_Further_Action
ESC-CSE-009-2026Q2-00063,CSE-009,2026-Q2,ALT-CSE-009-2026Q2-00063,CASE-CSE-009-2026Q2-00063,INV-CSE-009-2026Q2-00063,2026-05-24T00:11:55,L3,Acknowledged,Additional_Review
ESC-CSE-009-2026Q3-00046,CSE-009,2026-Q3,ALT-CSE-009-2026Q3-00046,,INV-CSE-009-2026Q3-00046,2026-07-08T22:47:51,L1,Acknowledged,Transferred
ESC-CSE-010-2025Q4-00018,CSE-010,2025-Q4,ALT-CSE-010-2025Q4-00018,CASE-CSE-010-2025Q4-00018,INV-CSE-010-2025Q4-00018,2025-11-05T06:37:46,L2,Open,Management_Notified
ESC-CSE-010-2026Q2-00045,CSE-010,2026-Q2,ALT-CSE-010-2026Q2-00045,CASE-CSE-010-2026Q2-00045,INV-CSE-010-2026Q2-00045,2026-05-30T14:35:25,Management,Open,Management_Notified
ESC-CSE-010-2026Q2-00178,CSE-010,2026-Q2,ALT-CSE-010-2026Q2-00178,CASE-CSE-010-2026Q2-00178,INV-CSE-010-2026Q2-00178,2026-06-05T06:44:33,L2,Completed,Transferred
ESC-CSE-010-2026Q2-00187,CSE-010,2026-Q2,ALT-CSE-010-2026Q2-00187,,INV-CSE-010-2026Q2-00187,2026-06-13T08:52:04,L1,Open,No_Further_Action
ESC-CSE-010-2026Q4-00039,CSE-010,2026-Q4,ALT-CSE-010-2026Q4-00039,,INV-CSE-010-2026Q4-00039,2026-10-10T07:16:19,L2,Acknowledged,Transferred
ESC-CSE-010-2026Q4-00075,CSE-010,2026-Q4,ALT-CSE-010-2026Q4-00075,,INV-CSE-010-2026Q4-00075,2026-10-28T03:39:23,Management,Closed,No_Further_Action
ESC-CSE-010-2026Q4-00088,CSE-010,2026-Q4,ALT-CSE-010-2026Q4-00088,CASE-CSE-010-2026Q4-00088,INV-CSE-010-2026Q4-00088,2026-12-18T16:34:33,Management,Open,No_Further_Action
ESC-CSE-011-2026Q1-00063,CSE-011,2026-Q1,ALT-CSE-011-2026Q1-00063,,INV-CSE-011-2026Q1-00063,2026-03-14T18:45:33,L1,Acknowledged,Additional_Review
ESC-CSE-011-2026Q4-00042,CSE-011,2026-Q4,ALT-CSE-011-2026Q4-00042,,INV-CSE-011-2026Q4-00042,2026-12-12T01:12:10,L1,Completed,Management_Notified
ESC-CSE-011-2026Q4-00074,CSE-011,2026-Q4,ALT-CSE-011-2026Q4-00074,CASE-CSE-011-2026Q4-00074,INV-CSE-011-2026Q4-00074,2026-12-20T07:08:34,Management,Closed,Additional_Review
ESC-CSE-012-2025Q3-00036,CSE-012,2025-Q3,ALT-CSE-012-2025Q3-00036,,INV-CSE-012-2025Q3-00036,2025-08-10T23:21:20,Management,Acknowledged,Transferred
ESC-CSE-012-2025Q3-00066,CSE-012,2025-Q3,ALT-CSE-012-2025Q3-00066,CASE-CSE-012-2025Q3-00066,INV-CSE-012-2025Q3-00066,2025-09-10T23:52:30,Management,Closed,Additional_Review
ESC-CSE-012-2025Q4-00004,CSE-012,2025-Q4,ALT-CSE-012-2025Q4-00004,,INV-CSE-012-2025Q4-00004,2025-12-04T16:56:06,L1,Open,Management_Notified
ESC-CSE-012-2025Q4-00005,CSE-012,2025-Q4,ALT-CSE-012-2025Q4-00005,,INV-CSE-012-2025Q4-00005,2025-11-16T12:48:55,Management,Closed,Transferred
ESC-CSE-012-2025Q4-00045,CSE-012,2025-Q4,ALT-CSE-012-2025Q4-00045,CASE-CSE-012-2025Q4-00045,INV-CSE-012-2025Q4-00045,2025-10-13T07:35:52,L1,Open,No_Further_Action
ESC-CSE-012-2025Q4-00084,CSE-012,2025-Q4,ALT-CSE-012-2025Q4-00084,CASE-CSE-012-2025Q4-00084,INV-CSE-012-2025Q4-00084,2025-11-14T03:51:27,L3,Closed,No_Further_Action
ESC-CSE-012-2026Q1-00050,CSE-012,2026-Q1,ALT-CSE-012-2026Q1-00050,CASE-CSE-012-2026Q1-00050,INV-CSE-012-2026Q1-00050,2026-03-18T21:07:06,L2,Acknowledged,No_Further_Action
ESC-CSE-012-2026Q1-00058,CSE-012,2026-Q1,ALT-CSE-012-2026Q1-00058,CASE-CSE-012-2026Q1-00058,INV-CSE-012-2026Q1-00058,2026-01-11T14:56:24,L2,Acknowledged,No_Further_Action
ESC-CSE-012-2026Q2-00023,CSE-012,2026-Q2,ALT-CSE-012-2026Q2-00023,,INV-CSE-012-2026Q2-00023,2026-06-29T12:47:36,L3,Acknowledged,No_Further_Action
ESC-CSE-012-2026Q2-00107,CSE-012,2026-Q2,ALT-CSE-012-2026Q2-00107,CASE-CSE-012-2026Q2-00107,INV-CSE-012-2026Q2-00107,2026-04-11T18:25:27,L3,Completed,Transferred
ESC-CSE-012-2026Q3-00042,CSE-012,2026-Q3,ALT-CSE-012-2026Q3-00042,CASE-CSE-012-2026Q3-00042,INV-CSE-012-2026Q3-00042,2026-08-27T03:09:17,Management,Closed,No_Further_Action
ESC-CSE-012-2026Q3-00086,CSE-012,2026-Q3,ALT-CSE-012-2026Q3-00086,,INV-CSE-012-2026Q3-00086,2026-08-08T19:39:03,L2,Closed,Transferred
ESC-CSE-012-2026Q3-00097,CSE-012,2026-Q3,ALT-CSE-012-2026Q3-00097,,INV-CSE-012-2026Q3-00097,2026-07-17T13:07:08,L3,Acknowledged,No_Further_Action
ESC-CSE-012-2026Q4-00036,CSE-012,2026-Q4,ALT-CSE-012-2026Q4-00036,,INV-CSE-012-2026Q4-00036,2026-11-23T02:32:43,Management,Open,Transferred
ESC-CSE-013-2025Q3-00148,CSE-013,2025-Q3,ALT-CSE-013-2025Q3-00148,CASE-CSE-013-2025Q3-00148,INV-CSE-013-2025Q3-00148,2025-07-24T13:15:17,L2,Open,Additional_Review
ESC-CSE-013-2026Q3-00078,CSE-013,2026-Q3,ALT-CSE-013-2026Q3-00078,CASE-CSE-013-2026Q3-00078,INV-CSE-013-2026Q3-00078,2026-07-11T16:12:59,L2,Acknowledged,No_Further_Action
ESC-CSE-013-2026Q4-00019,CSE-013,2026-Q4,ALT-CSE-013-2026Q4-00019,,INV-CSE-013-2026Q4-00019,2026-11-13T15:46:44,Management,Open,Additional_Review
ESC-CSE-013-2026Q4-00170,CSE-013,2026-Q4,ALT-CSE-013-2026Q4-00170,,INV-CSE-013-2026Q4-00170,2026-10-02T00:23:51,Management,Closed,Additional_Review
ESC-CSE-014-2025Q3-00008,CSE-014,2025-Q3,ALT-CSE-014-2025Q3-00008,,INV-CSE-014-2025Q3-00008,2025-07-25T14:10:38,L1,Completed,Transferred
ESC-CSE-014-2025Q4-00013,CSE-014,2025-Q4,ALT-CSE-014-2025Q4-00013,,INV-CSE-014-2025Q4-00013,2025-10-22T20:42:06,L2,Acknowledged,Management_Notified
ESC-CSE-014-2025Q4-00074,CSE-014,2025-Q4,ALT-CSE-014-2025Q4-00074,CASE-CSE-014-2025Q4-00074,INV-CSE-014-2025Q4-00074,2025-11-02T17:22:24,Management,Acknowledged,Transferred
ESC-CSE-014-2026Q1-00088,CSE-014,2026-Q1,ALT-CSE-014-2026Q1-00088,,INV-CSE-014-2026Q1-00088,2026-03-22T08:05:47,L3,Acknowledged,Management_Notified
ESC-CSE-014-2026Q2-00022,CSE-014,2026-Q2,ALT-CSE-014-2026Q2-00022,,INV-CSE-014-2026Q2-00022,2026-04-16T13:48:35,L3,Completed,Additional_Review
ESC-CSE-014-2026Q3-00001,CSE-014,2026-Q3,ALT-CSE-014-2026Q3-00001,,INV-CSE-014-2026Q3-00001,2026-07-04T09:35:04,Management,Open,Additional_Review
ESC-CSE-014-2026Q3-00032,CSE-014,2026-Q3,ALT-CSE-014-2026Q3-00032,,INV-CSE-014-2026Q3-00032,2026-07-24T05:44:41,L3,Closed,Management_Notified
ESC-CSE-014-2026Q3-00035,CSE-014,2026-Q3,ALT-CSE-014-2026Q3-00035,,INV-CSE-014-2026Q3-00035,2026-09-17T02:55:13,L1,Completed,No_Further_Action
ESC-CSE-014-2026Q3-00081,CSE-014,2026-Q3,ALT-CSE-014-2026Q3-00081,CASE-CSE-014-2026Q3-00081,INV-CSE-014-2026Q3-00081,2026-10-01T09:02:16,L1,Acknowledged,Transferred
ESC-CSE-014-2026Q3-00121,CSE-014,2026-Q3,ALT-CSE-014-2026Q3-00121,CASE-CSE-014-2026Q3-00121,INV-CSE-014-2026Q3-00121,2026-08-16T07:08:13,L1,Completed,Management_Notified
ESC-CSE-014-2026Q4-00035,CSE-014,2026-Q4,ALT-CSE-014-2026Q4-00035,,INV-CSE-014-2026Q4-00035,2026-12-14T10:05:04,L2,Acknowledged,No_Further_Action
ESC-CSE-015-2025Q3-00099,CSE-015,2025-Q3,ALT-CSE-015-2025Q3-00099,CASE-CSE-015-2025Q3-00099,INV-CSE-015-2025Q3-00099,2025-08-10T19:04:47,L3,Acknowledged,No_Further_Action
ESC-CSE-015-2025Q4-00031,CSE-015,2025-Q4,ALT-CSE-015-2025Q4-00031,,INV-CSE-015-2025Q4-00031,2025-10-27T21:20:01,Management,Closed,Transferred
ESC-CSE-015-2025Q4-00061,CSE-015,2025-Q4,ALT-CSE-015-2025Q4-00061,CASE-CSE-015-2025Q4-00061,INV-CSE-015-2025Q4-00061,2025-12-13T08:45:58,L2,Open,Management_Notified
ESC-CSE-015-2025Q4-00096,CSE-015,2025-Q4,ALT-CSE-015-2025Q4-00096,CASE-CSE-015-2025Q4-00096,INV-CSE-015-2025Q4-00096,2025-11-14T00:29:44,L1,Closed,Additional_Review
ESC-CSE-015-2025Q4-00145,CSE-015,2025-Q4,ALT-CSE-015-2025Q4-00145,CASE-CSE-015-2025Q4-00145,INV-CSE-015-2025Q4-00145,2025-11-20T01:53:29,L1,Open,Transferred
ESC-CSE-015-2025Q4-00146,CSE-015,2025-Q4,ALT-CSE-015-2025Q4-00146,,INV-CSE-015-2025Q4-00146,2025-12-24T03:25:04,L2,Closed,Management_Notified
ESC-CSE-015-2025Q4-00158,CSE-015,2025-Q4,ALT-CSE-015-2025Q4-00158,CASE-CSE-015-2025Q4-00158,INV-CSE-015-2025Q4-00158,2025-12-17T10:27:12,L2,Closed,Transferred
ESC-CSE-015-2025Q4-00183,CSE-015,2025-Q4,ALT-CSE-015-2025Q4-00183,,INV-CSE-015-2025Q4-00183,2025-11-02T10:19:16,L1,Closed,No_Further_Action
ESC-CSE-015-2026Q1-00033,CSE-015,2026-Q1,ALT-CSE-015-2026Q1-00033,CASE-CSE-015-2026Q1-00033,INV-CSE-015-2026Q1-00033,2026-02-10T02:01:38,L3,Completed,Management_Notified
ESC-CSE-015-2026Q2-00154,CSE-015,2026-Q2,ALT-CSE-015-2026Q2-00154,,INV-CSE-015-2026Q2-00154,2026-06-29T23:31:48,L3,Acknowledged,Management_Notified
ESC-CSE-015-2026Q3-00005,CSE-015,2026-Q3,ALT-CSE-015-2026Q3-00005,,INV-CSE-015-2026Q3-00005,2026-08-30T23:30:59,L1,Closed,Additional_Review
ESC-CSE-015-2026Q4-00013,CSE-015,2026-Q4,ALT-CSE-015-2026Q4-00013,,INV-CSE-015-2026Q4-00013,2026-11-14T17:37:30,Management,Acknowledged,Additional_Review
ESC-CSE-015-2026Q4-00189,CSE-015,2026-Q4,ALT-CSE-015-2026Q4-00189,,INV-CSE-015-2026Q4-00189,2026-10-27T02:21:36,L1,Completed,Management_Notified
ESC-CSE-016-2025Q3-00037,CSE-016,2025-Q3,ALT-CSE-016-2025Q3-00037,,INV-CSE-016-2025Q3-00037,2025-07-29T09:59:30,L3,Acknowledged,Additional_Review
ESC-CSE-016-2025Q3-00123,CSE-016,2025-Q3,ALT-CSE-016-2025Q3-00123,,INV-CSE-016-2025Q3-00123,2025-09-25T21:02:50,L1,Open,Additional_Review
ESC-CSE-016-2025Q3-00180,CSE-016,2025-Q3,ALT-CSE-016-2025Q3-00180,,INV-CSE-016-2025Q3-00180,2025-08-04T15:25:26,L3,Acknowledged,Transferred
ESC-CSE-016-2025Q4-00070,CSE-016,2025-Q4,ALT-CSE-016-2025Q4-00070,,INV-CSE-016-2025Q4-00070,2025-10-20T14:26:13,L3,Closed,No_Further_Action
ESC-CSE-016-2025Q4-00134,CSE-016,2025-Q4,ALT-CSE-016-2025Q4-00134,,INV-CSE-016-2025Q4-00134,2025-11-03T17:50:58,L2,Completed,Additional_Review
ESC-CSE-016-2026Q2-00046,CSE-016,2026-Q2,ALT-CSE-016-2026Q2-00046,,INV-CSE-016-2026Q2-00046,2026-06-27T21:32:57,L3,Completed,Transferred
ESC-CSE-016-2026Q3-00023,CSE-016,2026-Q3,ALT-CSE-016-2026Q3-00023,CASE-CSE-016-2026Q3-00023,INV-CSE-016-2026Q3-00023,2026-07-25T15:20:30,L1,Acknowledged,Management_Notified
ESC-CSE-017-2025Q3-00019,CSE-017,2025-Q3,ALT-CSE-017-2025Q3-00019,CASE-CSE-017-2025Q3-00019,INV-CSE-017-2025Q3-00019,2025-07-20T01:55:42,Management,Completed,No_Further_Action
ESC-CSE-017-2025Q3-00037,CSE-017,2025-Q3,ALT-CSE-017-2025Q3-00037,CASE-CSE-017-2025Q3-00037,INV-CSE-017-2025Q3-00037,2025-09-24T06:13:34,L1,Acknowledged,Additional_Review
ESC-CSE-017-2025Q4-00092,CSE-017,2025-Q4,ALT-CSE-017-2025Q4-00092,,INV-CSE-017-2025Q4-00092,2025-10-30T03:59:34,L2,Closed,Transferred
ESC-CSE-017-2026Q1-00102,CSE-017,2026-Q1,ALT-CSE-017-2026Q1-00102,,INV-CSE-017-2026Q1-00102,2026-02-09T15:13:51,L2,Acknowledged,No_Further_Action
ESC-CSE-017-2026Q2-00006,CSE-017,2026-Q2,ALT-CSE-017-2026Q2-00006,CASE-CSE-017-2026Q2-00006,INV-CSE-017-2026Q2-00006,2026-06-01T20:53:44,Management,Open,Transferred
ESC-CSE-017-2026Q2-00133,CSE-017,2026-Q2,ALT-CSE-017-2026Q2-00133,,INV-CSE-017-2026Q2-00133,2026-05-24T04:12:22,Management,Closed,Management_Notified
ESC-CSE-017-2026Q3-00015,CSE-017,2026-Q3,ALT-CSE-017-2026Q3-00015,,INV-CSE-017-2026Q3-00015,2026-09-18T01:51:19,L3,Open,Transferred
ESC-CSE-017-2026Q4-00071,CSE-017,2026-Q4,ALT-CSE-017-2026Q4-00071,,INV-CSE-017-2026Q4-00071,2026-12-06T07:40:51,L2,Closed,No_Further_Action
ESC-CSE-018-2025Q3-00008,CSE-018,2025-Q3,ALT-CSE-018-2025Q3-00008,,INV-CSE-018-2025Q3-00008,2025-07-10T20:29:57,L3,Open,No_Further_Action
ESC-CSE-018-2025Q3-00045,CSE-018,2025-Q3,ALT-CSE-018-2025Q3-00045,,INV-CSE-018-2025Q3-00045,2025-09-26T15:30:32,L1,Acknowledged,Management_Notified
ESC-CSE-018-2025Q3-00068,CSE-018,2025-Q3,ALT-CSE-018-2025Q3-00068,,INV-CSE-018-2025Q3-00068,2025-08-27T12:02:21,L1,Closed,No_Further_Action
ESC-CSE-018-2025Q3-00070,CSE-018,2025-Q3,ALT-CSE-018-2025Q3-00070,CASE-CSE-018-2025Q3-00070,INV-CSE-018-2025Q3-00070,2025-07-05T19:39:34,L1,Acknowledged,Transferred
ESC-CSE-018-2025Q3-00074,CSE-018,2025-Q3,ALT-CSE-018-2025Q3-00074,CASE-CSE-018-2025Q3-00074,INV-CSE-018-2025Q3-00074,2025-07-15T22:43:39,Management,Acknowledged,Management_Notified
ESC-CSE-018-2025Q3-00099,CSE-018,2025-Q3,ALT-CSE-018-2025Q3-00099,CASE-CSE-018-2025Q3-00099,INV-CSE-018-2025Q3-00099,2025-08-15T08:52:15,L1,Acknowledged,Transferred
ESC-CSE-018-2025Q4-00007,CSE-018,2025-Q4,ALT-CSE-018-2025Q4-00007,CASE-CSE-018-2025Q4-00007,INV-CSE-018-2025Q4-00007,2025-12-11T18:55:49,L1,Acknowledged,Management_Notified
ESC-CSE-018-2025Q4-00033,CSE-018,2025-Q4,ALT-CSE-018-2025Q4-00033,,INV-CSE-018-2025Q4-00033,2025-10-01T12:43:26,L1,Closed,Transferred
ESC-CSE-018-2025Q4-00046,CSE-018,2025-Q4,ALT-CSE-018-2025Q4-00046,CASE-CSE-018-2025Q4-00046,INV-CSE-018-2025Q4-00046,2025-11-13T02:57:28,L1,Open,Transferred
ESC-CSE-018-2026Q1-00036,CSE-018,2026-Q1,ALT-CSE-018-2026Q1-00036,,INV-CSE-018-2026Q1-00036,2026-02-09T22:28:37,Management,Closed,No_Further_Action
ESC-CSE-018-2026Q1-00043,CSE-018,2026-Q1,ALT-CSE-018-2026Q1-00043,,INV-CSE-018-2026Q1-00043,2026-01-11T13:41:03,Management,Completed,Transferred
ESC-CSE-018-2026Q1-00050,CSE-018,2026-Q1,ALT-CSE-018-2026Q1-00050,,INV-CSE-018-2026Q1-00050,2026-03-21T04:58:55,L1,Completed,No_Further_Action
ESC-CSE-018-2026Q1-00075,CSE-018,2026-Q1,ALT-CSE-018-2026Q1-00075,CASE-CSE-018-2026Q1-00075,INV-CSE-018-2026Q1-00075,2026-02-13T10:14:32,L2,Closed,No_Further_Action
ESC-CSE-018-2026Q1-00083,CSE-018,2026-Q1,ALT-CSE-018-2026Q1-00083,CASE-CSE-018-2026Q1-00083,INV-CSE-018-2026Q1-00083,2026-02-25T06:21:09,Management,Open,No_Further_Action
ESC-CSE-018-2026Q1-00087,CSE-018,2026-Q1,ALT-CSE-018-2026Q1-00087,CASE-CSE-018-2026Q1-00087,INV-CSE-018-2026Q1-00087,2026-01-21T11:25:00,L3,Completed,Additional_Review
ESC-CSE-018-2026Q1-00112,CSE-018,2026-Q1,ALT-CSE-018-2026Q1-00112,CASE-CSE-018-2026Q1-00112,INV-CSE-018-2026Q1-00112,2026-03-17T08:09:53,Management,Acknowledged,Management_Notified
ESC-CSE-018-2026Q2-00061,CSE-018,2026-Q2,ALT-CSE-018-2026Q2-00061,,INV-CSE-018-2026Q2-00061,2026-06-17T23:16:04,Management,Completed,No_Further_Action
ESC-CSE-018-2026Q2-00087,CSE-018,2026-Q2,ALT-CSE-018-2026Q2-00087,CASE-CSE-018-2026Q2-00087,INV-CSE-018-2026Q2-00087,2026-04-18T20:01:26,L1,Closed,No_Further_Action
ESC-CSE-018-2026Q2-00112,CSE-018,2026-Q2,ALT-CSE-018-2026Q2-00112,,INV-CSE-018-2026Q2-00112,2026-04-21T08:53:24,Management,Acknowledged,Management_Notified
ESC-CSE-018-2026Q3-00013,CSE-018,2026-Q3,ALT-CSE-018-2026Q3-00013,,INV-CSE-018-2026Q3-00013,2026-08-18T22:29:10,L1,Acknowledged,Management_Notified
ESC-CSE-019-2025Q3-00024,CSE-019,2025-Q3,ALT-CSE-019-2025Q3-00024,,INV-CSE-019-2025Q3-00024,2025-09-28T23:04:28,L2,Closed,No_Further_Action
ESC-CSE-019-2025Q3-00034,CSE-019,2025-Q3,ALT-CSE-019-2025Q3-00034,,INV-CSE-019-2025Q3-00034,2025-09-01T22:14:02,L2,Closed,Transferred
ESC-CSE-019-2026Q1-00013,CSE-019,2026-Q1,ALT-CSE-019-2026Q1-00013,CASE-CSE-019-2026Q1-00013,INV-CSE-019-2026Q1-00013,2026-03-30T07:25:24,Management,Closed,No_Further_Action
ESC-CSE-019-2026Q1-00091,CSE-019,2026-Q1,ALT-CSE-019-2026Q1-00091,,INV-CSE-019-2026Q1-00091,2026-02-15T03:04:22,L1,Open,Management_Notified
ESC-CSE-019-2026Q2-00095,CSE-019,2026-Q2,ALT-CSE-019-2026Q2-00095,CASE-CSE-019-2026Q2-00095,INV-CSE-019-2026Q2-00095,2026-04-13T11:28:46,L1,Acknowledged,Management_Notified
ESC-CSE-019-2026Q2-00127,CSE-019,2026-Q2,ALT-CSE-019-2026Q2-00127,,INV-CSE-019-2026Q2-00127,2026-05-17T13:17:39,Management,Open,Additional_Review
ESC-CSE-019-2026Q2-00158,CSE-019,2026-Q2,ALT-CSE-019-2026Q2-00158,CASE-CSE-019-2026Q2-00158,INV-CSE-019-2026Q2-00158,2026-05-07T03:27:35,Management,Open,Additional_Review
ESC-CSE-019-2026Q3-00007,CSE-019,2026-Q3,ALT-CSE-019-2026Q3-00007,CASE-CSE-019-2026Q3-00007,INV-CSE-019-2026Q3-00007,2026-08-11T04:36:04,L3,Completed,No_Further_Action
ESC-CSE-019-2026Q3-00070,CSE-019,2026-Q3,ALT-CSE-019-2026Q3-00070,,INV-CSE-019-2026Q3-00070,2026-08-21T13:28:44,L2,Acknowledged,Management_Notified
ESC-CSE-019-2026Q3-00073,CSE-019,2026-Q3,ALT-CSE-019-2026Q3-00073,CASE-CSE-019-2026Q3-00073,INV-CSE-019-2026Q3-00073,2026-07-09T17:13:32,L2,Completed,Transferred
ESC-CSE-019-2026Q3-00083,CSE-019,2026-Q3,ALT-CSE-019-2026Q3-00083,,INV-CSE-019-2026Q3-00083,2026-08-07T04:44:48,L3,Open,Additional_Review
ESC-CSE-019-2026Q3-00091,CSE-019,2026-Q3,ALT-CSE-019-2026Q3-00091,,INV-CSE-019-2026Q3-00091,2026-09-13T09:55:30,L1,Acknowledged,Management_Notified
ESC-CSE-019-2026Q4-00026,CSE-019,2026-Q4,ALT-CSE-019-2026Q4-00026,,INV-CSE-019-2026Q4-00026,2026-11-11T16:21:02,L1,Closed,Transferred
ESC-CSE-020-2025Q3-00104,CSE-020,2025-Q3,ALT-CSE-020-2025Q3-00104,CASE-CSE-020-2025Q3-00104,INV-CSE-020-2025Q3-00104,2025-09-15T15:18:32,L2,Acknowledged,Transferred
ESC-CSE-020-2025Q3-00115,CSE-020,2025-Q3,ALT-CSE-020-2025Q3-00115,,INV-CSE-020-2025Q3-00115,2025-10-01T01:41:39,Management,Open,Management_Notified
ESC-CSE-020-2025Q4-00033,CSE-020,2025-Q4,ALT-CSE-020-2025Q4-00033,,INV-CSE-020-2025Q4-00033,2025-12-27T17:02:49,L2,Open,Additional_Review
ESC-CSE-020-2026Q1-00058,CSE-020,2026-Q1,ALT-CSE-020-2026Q1-00058,CASE-CSE-020-2026Q1-00058,INV-CSE-020-2026Q1-00058,2026-02-06T07:16:46,L2,Closed,Additional_Review
ESC-CSE-020-2026Q1-00087,CSE-020,2026-Q1,ALT-CSE-020-2026Q1-00087,,INV-CSE-020-2026Q1-00087,2026-02-19T06:55:59,L3,Open,Transferred
ESC-CSE-020-2026Q2-00055,CSE-020,2026-Q2,ALT-CSE-020-2026Q2-00055,,INV-CSE-020-2026Q2-00055,2026-04-07T13:01:55,L2,Closed,Additional_Review
ESC-CSE-020-2026Q3-00081,CSE-020,2026-Q3,ALT-CSE-020-2026Q3-00081,,INV-CSE-020-2026Q3-00081,2026-08-29T16:56:48,L1,Closed,Additional_Review
ESC-CSE-020-2026Q4-00005,CSE-020,2026-Q4,ALT-CSE-020-2026Q4-00005,,INV-CSE-020-2026Q4-00005,2026-11-23T12:58:05,L1,Completed,No_Further_Action
ESC-CSE-020-2026Q4-00035,CSE-020,2026-Q4,ALT-CSE-020-2026Q4-00035,,INV-CSE-020-2026Q4-00035,2026-11-27T04:55:06,Management,Closed,No_Further_Action
ESC-CSE-020-2026Q4-00118,CSE-020,2026-Q4,ALT-CSE-020-2026Q4-00118,,INV-CSE-020-2026Q4-00118,2026-10-12T16:57:44,L2,Closed,Additional_Review
ESC-CSE-021-2025Q3-00083,CSE-021,2025-Q3,ALT-CSE-021-2025Q3-00083,,INV-CSE-021-2025Q3-00083,2025-07-10T18:36:23,Management,Closed,Transferred
ESC-CSE-021-2025Q4-00078,CSE-021,2025-Q4,ALT-CSE-021-2025Q4-00078,CASE-CSE-021-2025Q4-00078,INV-CSE-021-2025Q4-00078,2025-11-07T06:10:57,L3,Closed,Management_Notified
ESC-CSE-021-2025Q4-00097,CSE-021,2025-Q4,ALT-CSE-021-2025Q4-00097,,INV-CSE-021-2025Q4-00097,2025-10-01T23:39:52,L3,Acknowledged,Transferred
ESC-CSE-021-2025Q4-00126,CSE-021,2025-Q4,ALT-CSE-021-2025Q4-00126,,INV-CSE-021-2025Q4-00126,2025-10-16T16:13:42,Management,Acknowledged,Additional_Review
ESC-CSE-021-2026Q1-00072,CSE-021,2026-Q1,ALT-CSE-021-2026Q1-00072,,INV-CSE-021-2026Q1-00072,2026-02-05T10:44:00,L2,Closed,Additional_Review
ESC-CSE-021-2026Q1-00145,CSE-021,2026-Q1,ALT-CSE-021-2026Q1-00145,CASE-CSE-021-2026Q1-00145,INV-CSE-021-2026Q1-00145,2026-03-06T07:14:14,Management,Acknowledged,No_Further_Action
ESC-CSE-021-2026Q3-00058,CSE-021,2026-Q3,ALT-CSE-021-2026Q3-00058,,INV-CSE-021-2026Q3-00058,2026-07-26T08:31:41,L2,Completed,Management_Notified
ESC-CSE-021-2026Q3-00088,CSE-021,2026-Q3,ALT-CSE-021-2026Q3-00088,CASE-CSE-021-2026Q3-00088,INV-CSE-021-2026Q3-00088,2026-08-15T07:40:25,L3,Closed,No_Further_Action
ESC-CSE-021-2026Q3-00106,CSE-021,2026-Q3,ALT-CSE-021-2026Q3-00106,,INV-CSE-021-2026Q3-00106,2026-09-05T20:24:48,L3,Open,Transferred
ESC-CSE-021-2026Q4-00065,CSE-021,2026-Q4,ALT-CSE-021-2026Q4-00065,CASE-CSE-021-2026Q4-00065,INV-CSE-021-2026Q4-00065,2026-11-17T08:46:18,L3,Closed,No_Further_Action
ESC-CSE-021-2026Q4-00068,CSE-021,2026-Q4,ALT-CSE-021-2026Q4-00068,,INV-CSE-021-2026Q4-00068,2026-11-17T02:15:04,Management,Closed,Additional_Review
ESC-CSE-021-2026Q4-00109,CSE-021,2026-Q4,ALT-CSE-021-2026Q4-00109,,INV-CSE-021-2026Q4-00109,2026-10-07T03:35:29,L2,Closed,No_Further_Action
ESC-CSE-022-2025Q3-00037,CSE-022,2025-Q3,ALT-CSE-022-2025Q3-00037,,INV-CSE-022-2025Q3-00037,2025-09-04T08:56:25,Management,Acknowledged,Transferred
ESC-CSE-022-2025Q4-00066,CSE-022,2025-Q4,ALT-CSE-022-2025Q4-00066,,INV-CSE-022-2025Q4-00066,2025-10-14T19:19:24,Management,Acknowledged,Transferred
ESC-CSE-022-2026Q1-00011,CSE-022,2026-Q1,ALT-CSE-022-2026Q1-00011,,INV-CSE-022-2026Q1-00011,2026-01-06T12:31:24,L2,Acknowledged,Management_Notified
ESC-CSE-022-2026Q2-00035,CSE-022,2026-Q2,ALT-CSE-022-2026Q2-00035,CASE-CSE-022-2026Q2-00035,INV-CSE-022-2026Q2-00035,2026-04-24T13:17:29,L2,Open,Additional_Review
ESC-CSE-022-2026Q4-00021,CSE-022,2026-Q4,ALT-CSE-022-2026Q4-00021,CASE-CSE-022-2026Q4-00021,INV-CSE-022-2026Q4-00021,2026-12-15T20:55:14,L1,Open,Additional_Review
ESC-CSE-023-2025Q3-00002,CSE-023,2025-Q3,ALT-CSE-023-2025Q3-00002,CASE-CSE-023-2025Q3-00002,INV-CSE-023-2025Q3-00002,2025-07-08T04:34:44,L1,Acknowledged,Management_Notified
ESC-CSE-023-2025Q3-00018,CSE-023,2025-Q3,ALT-CSE-023-2025Q3-00018,,INV-CSE-023-2025Q3-00018,2025-07-13T23:08:33,Management,Open,Management_Notified
ESC-CSE-023-2025Q4-00110,CSE-023,2025-Q4,ALT-CSE-023-2025Q4-00110,CASE-CSE-023-2025Q4-00110,INV-CSE-023-2025Q4-00110,2025-11-17T04:09:49,Management,Open,No_Further_Action
ESC-CSE-023-2026Q1-00066,CSE-023,2026-Q1,ALT-CSE-023-2026Q1-00066,CASE-CSE-023-2026Q1-00066,INV-CSE-023-2026Q1-00066,2026-03-29T12:12:39,L1,Closed,Transferred
ESC-CSE-023-2026Q1-00067,CSE-023,2026-Q1,ALT-CSE-023-2026Q1-00067,,INV-CSE-023-2026Q1-00067,2026-03-11T09:25:45,Management,Open,Additional_Review
ESC-CSE-023-2026Q1-00100,CSE-023,2026-Q1,ALT-CSE-023-2026Q1-00100,,INV-CSE-023-2026Q1-00100,2026-01-11T10:47:09,L2,Open,Transferred
ESC-CSE-023-2026Q1-00115,CSE-023,2026-Q1,ALT-CSE-023-2026Q1-00115,,INV-CSE-023-2026Q1-00115,2026-02-03T14:03:16,Management,Completed,Additional_Review
ESC-CSE-023-2026Q2-00020,CSE-023,2026-Q2,ALT-CSE-023-2026Q2-00020,CASE-CSE-023-2026Q2-00020,INV-CSE-023-2026Q2-00020,2026-05-08T19:22:33,Management,Open,Management_Notified
ESC-CSE-023-2026Q2-00049,CSE-023,2026-Q2,ALT-CSE-023-2026Q2-00049,CASE-CSE-023-2026Q2-00049,INV-CSE-023-2026Q2-00049,2026-05-23T19:00:22,L2,Closed,Transferred
ESC-CSE-023-2026Q2-00068,CSE-023,2026-Q2,ALT-CSE-023-2026Q2-00068,,INV-CSE-023-2026Q2-00068,2026-06-11T06:54:50,Management,Closed,No_Further_Action
ESC-CSE-024-2025Q4-00015,CSE-024,2025-Q4,ALT-CSE-024-2025Q4-00015,CASE-CSE-024-2025Q4-00015,INV-CSE-024-2025Q4-00015,2025-11-06T21:38:43,L3,Completed,Additional_Review
ESC-CSE-024-2026Q1-00003,CSE-024,2026-Q1,ALT-CSE-024-2026Q1-00003,CASE-CSE-024-2026Q1-00003,INV-CSE-024-2026Q1-00003,2026-02-18T00:16:13,L2,Closed,Transferred
ESC-CSE-024-2026Q1-00027,CSE-024,2026-Q1,ALT-CSE-024-2026Q1-00027,CASE-CSE-024-2026Q1-00027,INV-CSE-024-2026Q1-00027,2026-02-06T16:34:30,L1,Open,No_Further_Action
ESC-CSE-024-2026Q2-00022,CSE-024,2026-Q2,ALT-CSE-024-2026Q2-00022,,INV-CSE-024-2026Q2-00022,2026-04-07T19:12:40,L1,Completed,No_Further_Action
ESC-CSE-024-2026Q2-00067,CSE-024,2026-Q2,ALT-CSE-024-2026Q2-00067,CASE-CSE-024-2026Q2-00067,INV-CSE-024-2026Q2-00067,2026-06-19T20:44:53,L3,Acknowledged,Management_Notified
ESC-CSE-025-2025Q3-00031,CSE-025,2025-Q3,ALT-CSE-025-2025Q3-00031,,INV-CSE-025-2025Q3-00031,2025-07-05T16:36:48,L2,Acknowledged,Management_Notified
ESC-CSE-025-2025Q3-00079,CSE-025,2025-Q3,ALT-CSE-025-2025Q3-00079,CASE-CSE-025-2025Q3-00079,INV-CSE-025-2025Q3-00079,2025-08-07T01:07:30,L2,Open,Transferred
ESC-CSE-025-2025Q3-00120,CSE-025,2025-Q3,ALT-CSE-025-2025Q3-00120,CASE-CSE-025-2025Q3-00120,INV-CSE-025-2025Q3-00120,2025-07-29T22:53:20,L2,Open,No_Further_Action
ESC-CSE-025-2025Q3-00143,CSE-025,2025-Q3,ALT-CSE-025-2025Q3-00143,CASE-CSE-025-2025Q3-00143,INV-CSE-025-2025Q3-00143,2025-07-03T23:01:21,L1,Acknowledged,No_Further_Action
ESC-CSE-025-2025Q4-00101,CSE-025,2025-Q4,ALT-CSE-025-2025Q4-00101,CASE-CSE-025-2025Q4-00101,INV-CSE-025-2025Q4-00101,2025-10-26T15:46:28,L1,Open,No_Further_Action
ESC-CSE-025-2025Q4-00110,CSE-025,2025-Q4,ALT-CSE-025-2025Q4-00110,,INV-CSE-025-2025Q4-00110,2025-10-27T13:58:30,L1,Completed,Management_Notified
ESC-CSE-025-2025Q4-00125,CSE-025,2025-Q4,ALT-CSE-025-2025Q4-00125,CASE-CSE-025-2025Q4-00125,INV-CSE-025-2025Q4-00125,2025-12-29T13:17:15,Management,Completed,Management_Notified
ESC-CSE-025-2026Q1-00063,CSE-025,2026-Q1,ALT-CSE-025-2026Q1-00063,CASE-CSE-025-2026Q1-00063,INV-CSE-025-2026Q1-00063,2026-03-12T08:13:23,Management,Open,No_Further_Action
ESC-CSE-025-2026Q1-00102,CSE-025,2026-Q1,ALT-CSE-025-2026Q1-00102,,INV-CSE-025-2026Q1-00102,2026-03-10T09:03:30,Management,Completed,Additional_Review
ESC-CSE-025-2026Q1-00186,CSE-025,2026-Q1,ALT-CSE-025-2026Q1-00186,,INV-CSE-025-2026Q1-00186,2026-03-09T13:48:21,Management,Open,Transferred
ESC-CSE-025-2026Q2-00001,CSE-025,2026-Q2,ALT-CSE-025-2026Q2-00001,,INV-CSE-025-2026Q2-00001,2026-06-05T22:43:59,L1,Acknowledged,No_Further_Action
ESC-CSE-025-2026Q2-00142,CSE-025,2026-Q2,ALT-CSE-025-2026Q2-00142,,INV-CSE-025-2026Q2-00142,2026-04-02T13:22:07,L1,Closed,Additional_Review
ESC-CSE-025-2026Q2-00146,CSE-025,2026-Q2,ALT-CSE-025-2026Q2-00146,CASE-CSE-025-2026Q2-00146,INV-CSE-025-2026Q2-00146,2026-04-16T07:28:58,Management,Completed,Management_Notified
ESC-CSE-025-2026Q3-00027,CSE-025,2026-Q3,ALT-CSE-025-2026Q3-00027,CASE-CSE-025-2026Q3-00027,INV-CSE-025-2026Q3-00027,2026-07-11T12:46:48,Management,Closed,No_Further_Action
ESC-CSE-025-2026Q3-00086,CSE-025,2026-Q3,ALT-CSE-025-2026Q3-00086,CASE-CSE-025-2026Q3-00086,INV-CSE-025-2026Q3-00086,2026-08-02T11:00:48,L3,Completed,Transferred
ESC-CSE-025-2026Q3-00148,CSE-025,2026-Q3,ALT-CSE-025-2026Q3-00148,CASE-CSE-025-2026Q3-00148,INV-CSE-025-2026Q3-00148,2026-08-01T13:45:03,L2,Acknowledged,Additional_Review
ESC-CSE-025-2026Q3-00151,CSE-025,2026-Q3,ALT-CSE-025-2026Q3-00151,CASE-CSE-025-2026Q3-00151,INV-CSE-025-2026Q3-00151,2026-08-24T04:51:22,L1,Acknowledged,Transferred
ESC-CSE-025-2026Q4-00068,CSE-025,2026-Q4,ALT-CSE-025-2026Q4-00068,CASE-CSE-025-2026Q4-00068,INV-CSE-025-2026Q4-00068,2026-12-18T14:09:38,L2,Completed,No_Further_Action
ESC-CSE-025-2026Q4-00088,CSE-025,2026-Q4,ALT-CSE-025-2026Q4-00088,,INV-CSE-025-2026Q4-00088,2026-11-01T21:49:50,L2,Acknowledged,No_Further_Action
ESC-CSE-025-2026Q4-00113,CSE-025,2026-Q4,ALT-CSE-025-2026Q4-00113,,INV-CSE-025-2026Q4-00113,2026-10-25T22:36:42,Management,Completed,Additional_Review
ESC-CSE-025-2026Q4-00158,CSE-025,2026-Q4,ALT-CSE-025-2026Q4-00158,,INV-CSE-025-2026Q4-00158,2026-10-16T03:01:19,Management,Closed,Management_Notified
ESC-CSE-026-2025Q3-00022,CSE-026,2025-Q3,ALT-CSE-026-2025Q3-00022,CASE-CSE-026-2025Q3-00022,INV-CSE-026-2025Q3-00022,2025-09-11T04:15:00,L1,Completed,No_Further_Action
ESC-CSE-026-2025Q4-00016,CSE-026,2025-Q4,ALT-CSE-026-2025Q4-00016,,INV-CSE-026-2025Q4-00016,2025-12-01T11:50:49,L3,Acknowledged,Management_Notified
ESC-CSE-026-2025Q4-00017,CSE-026,2025-Q4,ALT-CSE-026-2025Q4-00017,,INV-CSE-026-2025Q4-00017,2025-11-08T21:12:01,Management,Closed,Management_Notified
ESC-CSE-026-2025Q4-00018,CSE-026,2025-Q4,ALT-CSE-026-2025Q4-00018,,INV-CSE-026-2025Q4-00018,2025-11-30T17:55:54,L2,Closed,Management_Notified
ESC-CSE-026-2025Q4-00069,CSE-026,2025-Q4,ALT-CSE-026-2025Q4-00069,,INV-CSE-026-2025Q4-00069,2025-11-12T21:50:39,L1,Acknowledged,Additional_Review
ESC-CSE-026-2026Q2-00033,CSE-026,2026-Q2,ALT-CSE-026-2026Q2-00033,,INV-CSE-026-2026Q2-00033,2026-04-27T00:43:36,L3,Open,Additional_Review
ESC-CSE-026-2026Q2-00063,CSE-026,2026-Q2,ALT-CSE-026-2026Q2-00063,,INV-CSE-026-2026Q2-00063,2026-05-03T03:49:48,L2,Closed,Transferred
ESC-CSE-026-2026Q3-00062,CSE-026,2026-Q3,ALT-CSE-026-2026Q3-00062,,INV-CSE-026-2026Q3-00062,2026-10-01T03:40:31,L2,Completed,Management_Notified
ESC-CSE-026-2026Q4-00048,CSE-026,2026-Q4,ALT-CSE-026-2026Q4-00048,,INV-CSE-026-2026Q4-00048,2026-11-20T18:11:42,Management,Acknowledged,Management_Notified
ESC-CSE-027-2025Q3-00026,CSE-027,2025-Q3,ALT-CSE-027-2025Q3-00026,,INV-CSE-027-2025Q3-00026,2025-08-28T11:54:07,L3,Completed,Management_Notified
ESC-CSE-027-2026Q1-00055,CSE-027,2026-Q1,ALT-CSE-027-2026Q1-00055,,INV-CSE-027-2026Q1-00055,2026-02-22T23:26:00,L1,Acknowledged,Transferred
ESC-CSE-027-2026Q2-00065,CSE-027,2026-Q2,ALT-CSE-027-2026Q2-00065,CASE-CSE-027-2026Q2-00065,INV-CSE-027-2026Q2-00065,2026-05-18T03:30:53,L1,Acknowledged,Management_Notified
ESC-CSE-027-2026Q3-00032,CSE-027,2026-Q3,ALT-CSE-027-2026Q3-00032,CASE-CSE-027-2026Q3-00032,INV-CSE-027-2026Q3-00032,2026-09-19T04:23:11,L2,Acknowledged,No_Further_Action
ESC-CSE-027-2026Q4-00053,CSE-027,2026-Q4,ALT-CSE-027-2026Q4-00053,,INV-CSE-027-2026Q4-00053,2026-10-27T10:18:37,Management,Acknowledged,Management_Notified
ESC-CSE-027-2026Q4-00071,CSE-027,2026-Q4,ALT-CSE-027-2026Q4-00071,,INV-CSE-027-2026Q4-00071,2026-11-25T03:27:00,L3,Open,Transferred
ESC-CSE-028-2025Q3-00060,CSE-028,2025-Q3,ALT-CSE-028-2025Q3-00060,,INV-CSE-028-2025Q3-00060,2025-09-08T16:19:15,L3,Open,Additional_Review
ESC-CSE-028-2025Q3-00094,CSE-028,2025-Q3,ALT-CSE-028-2025Q3-00094,CASE-CSE-028-2025Q3-00094,INV-CSE-028-2025Q3-00094,2025-07-05T12:00:36,L1,Acknowledged,Additional_Review
ESC-CSE-028-2025Q3-00100,CSE-028,2025-Q3,ALT-CSE-028-2025Q3-00100,,INV-CSE-028-2025Q3-00100,2025-07-21T17:31:44,L1,Open,No_Further_Action
ESC-CSE-028-2025Q4-00064,CSE-028,2025-Q4,ALT-CSE-028-2025Q4-00064,,INV-CSE-028-2025Q4-00064,2025-10-31T06:24:17,Management,Closed,Management_Notified
ESC-CSE-028-2025Q4-00102,CSE-028,2025-Q4,ALT-CSE-028-2025Q4-00102,,INV-CSE-028-2025Q4-00102,2025-10-01T08:25:09,L3,Acknowledged,No_Further_Action
ESC-CSE-028-2026Q1-00039,CSE-028,2026-Q1,ALT-CSE-028-2026Q1-00039,,INV-CSE-028-2026Q1-00039,2026-02-05T07:35:02,L3,Closed,Management_Notified
ESC-CSE-028-2026Q1-00064,CSE-028,2026-Q1,ALT-CSE-028-2026Q1-00064,,INV-CSE-028-2026Q1-00064,2026-02-19T11:41:47,L3,Closed,Management_Notified
ESC-CSE-028-2026Q2-00029,CSE-028,2026-Q2,ALT-CSE-028-2026Q2-00029,,INV-CSE-028-2026Q2-00029,2026-06-28T07:03:52,L2,Acknowledged,Additional_Review
ESC-CSE-028-2026Q2-00041,CSE-028,2026-Q2,ALT-CSE-028-2026Q2-00041,,INV-CSE-028-2026Q2-00041,2026-05-10T01:54:16,L2,Acknowledged,Additional_Review
ESC-CSE-028-2026Q2-00102,CSE-028,2026-Q2,ALT-CSE-028-2026Q2-00102,,INV-CSE-028-2026Q2-00102,2026-04-20T17:46:38,L3,Acknowledged,No_Further_Action
ESC-CSE-028-2026Q3-00023,CSE-028,2026-Q3,ALT-CSE-028-2026Q3-00023,CASE-CSE-028-2026Q3-00023,INV-CSE-028-2026Q3-00023,2026-09-01T05:43:43,L2,Closed,Additional_Review
ESC-CSE-028-2026Q3-00090,CSE-028,2026-Q3,ALT-CSE-028-2026Q3-00090,CASE-CSE-028-2026Q3-00090,INV-CSE-028-2026Q3-00090,2026-08-18T05:17:21,Management,Acknowledged,Management_Notified
ESC-CSE-028-2026Q4-00007,CSE-028,2026-Q4,ALT-CSE-028-2026Q4-00007,,INV-CSE-028-2026Q4-00007,2026-12-29T18:52:40,L3,Acknowledged,Transferred
ESC-CSE-028-2026Q4-00061,CSE-028,2026-Q4,ALT-CSE-028-2026Q4-00061,CASE-CSE-028-2026Q4-00061,INV-CSE-028-2026Q4-00061,2026-10-16T14:07:21,Management,Open,Management_Notified
ESC-CSE-028-2026Q4-00065,CSE-028,2026-Q4,ALT-CSE-028-2026Q4-00065,,INV-CSE-028-2026Q4-00065,2026-11-28T03:21:34,Management,Completed,Management_Notified
ESC-CSE-029-2025Q3-00030,CSE-029,2025-Q3,ALT-CSE-029-2025Q3-00030,,INV-CSE-029-2025Q3-00030,2025-08-05T16:54:32,L1,Acknowledged,No_Further_Action
ESC-CSE-029-2025Q3-00047,CSE-029,2025-Q3,ALT-CSE-029-2025Q3-00047,,INV-CSE-029-2025Q3-00047,2025-08-01T02:54:17,L2,Completed,Additional_Review
ESC-CSE-029-2025Q3-00062,CSE-029,2025-Q3,ALT-CSE-029-2025Q3-00062,,INV-CSE-029-2025Q3-00062,2025-09-18T14:45:56,L1,Closed,Additional_Review
ESC-CSE-029-2025Q4-00069,CSE-029,2025-Q4,ALT-CSE-029-2025Q4-00069,,INV-CSE-029-2025Q4-00069,2025-12-18T17:59:25,L1,Completed,Transferred
ESC-CSE-029-2026Q1-00027,CSE-029,2026-Q1,ALT-CSE-029-2026Q1-00027,,INV-CSE-029-2026Q1-00027,2026-01-02T21:21:36,L1,Closed,No_Further_Action
ESC-CSE-029-2026Q2-00064,CSE-029,2026-Q2,ALT-CSE-029-2026Q2-00064,,INV-CSE-029-2026Q2-00064,2026-05-12T09:55:19,L2,Acknowledged,Management_Notified
ESC-CSE-030-2025Q3-00016,CSE-030,2025-Q3,ALT-CSE-030-2025Q3-00016,,INV-CSE-030-2025Q3-00016,2025-09-03T19:47:04,L2,Completed,Transferred
ESC-CSE-030-2025Q3-00043,CSE-030,2025-Q3,ALT-CSE-030-2025Q3-00043,,INV-CSE-030-2025Q3-00043,2025-07-18T21:54:25,Management,Open,Transferred
ESC-CSE-030-2025Q3-00143,CSE-030,2025-Q3,ALT-CSE-030-2025Q3-00143,,INV-CSE-030-2025Q3-00143,2025-09-16T08:04:38,L1,Acknowledged,Additional_Review
ESC-CSE-030-2025Q4-00072,CSE-030,2025-Q4,ALT-CSE-030-2025Q4-00072,,INV-CSE-030-2025Q4-00072,2025-10-21T05:01:18,Management,Closed,Transferred
ESC-CSE-030-2025Q4-00148,CSE-030,2025-Q4,ALT-CSE-030-2025Q4-00148,CASE-CSE-030-2025Q4-00148,INV-CSE-030-2025Q4-00148,2025-11-11T23:07:08,L3,Closed,Additional_Review
ESC-CSE-030-2026Q1-00008,CSE-030,2026-Q1,ALT-CSE-030-2026Q1-00008,CASE-CSE-030-2026Q1-00008,INV-CSE-030-2026Q1-00008,2026-01-26T14:23:40,L1,Completed,Management_Notified
ESC-CSE-030-2026Q1-00034,CSE-030,2026-Q1,ALT-CSE-030-2026Q1-00034,,INV-CSE-030-2026Q1-00034,2026-03-02T09:10:06,L2,Acknowledged,No_Further_Action
ESC-CSE-030-2026Q2-00016,CSE-030,2026-Q2,ALT-CSE-030-2026Q2-00016,,INV-CSE-030-2026Q2-00016,2026-04-22T06:32:48,L1,Closed,Management_Notified
ESC-CSE-030-2026Q2-00103,CSE-030,2026-Q2,ALT-CSE-030-2026Q2-00103,CASE-CSE-030-2026Q2-00103,INV-CSE-030-2026Q2-00103,2026-05-22T12:18:33,L2,Closed,Transferred
ESC-CSE-030-2026Q2-00159,CSE-030,2026-Q2,ALT-CSE-030-2026Q2-00159,CASE-CSE-030-2026Q2-00159,INV-CSE-030-2026Q2-00159,2026-04-19T12:17:29,L1,Open,Additional_Review
ESC-CSE-030-2026Q2-00166,CSE-030,2026-Q2,ALT-CSE-030-2026Q2-00166,,INV-CSE-030-2026Q2-00166,2026-05-07T07:02:39,L2,Closed,Transferred
ESC-CSE-030-2026Q2-00177,CSE-030,2026-Q2,ALT-CSE-030-2026Q2-00177,,INV-CSE-030-2026Q2-00177,2026-06-17T18:55:09,L3,Completed,Transferred
ESC-CSE-030-2026Q2-00182,CSE-030,2026-Q2,ALT-CSE-030-2026Q2-00182,,INV-CSE-030-2026Q2-00182,2026-04-27T21:11:33,L1,Open,Management_Notified
ESC-CSE-030-2026Q3-00067,CSE-030,2026-Q3,ALT-CSE-030-2026Q3-00067,,INV-CSE-030-2026Q3-00067,2026-07-16T18:31:55,L1,Acknowledged,Transferred
ESC-CSE-030-2026Q4-00072,CSE-030,2026-Q4,ALT-CSE-030-2026Q4-00072,CASE-CSE-030-2026Q4-00072,INV-CSE-030-2026Q4-00072,2026-12-20T05:50:50,L1,Open,Additional_Review
ESC-CSE-030-2026Q4-00099,CSE-030,2026-Q4,ALT-CSE-030-2026Q4-00099,,INV-CSE-030-2026Q4-00099,2026-10-11T20:16:24,Management,Closed,Management_Notified
ESC-CSE-030-2026Q4-00178,CSE-030,2026-Q4,ALT-CSE-030-2026Q4-00178,CASE-CSE-030-2026Q4-00178,INV-CSE-030-2026Q4-00178,2026-11-23T17:43:45,Management,Open,No_Further_Action
