historical_record_id,cse_id,assessment_period,alert_volume,investigation_rate,escalation_rate,closure_rate,monitoring_coverage,avg_investigation_minutes,avg_closure_minutes
HST-CSE-001-2025-Q3,CSE-001,2025-Q3,70,0.7679,0.1444,0.8008,0.9217,223,406
HST-CSE-001-2025-Q4,CSE-001,2025-Q4,71,0.7931,0.1654,0.8163,0.9516,412,403
HST-CSE-001-2026-Q1,CSE-001,2026-Q1,78,0.7106,0.1237,0.7703,0.9527,327,621
HST-CSE-001-2026-Q2,CSE-001,2026-Q2,83,0.7426,0.1468,0.7711,0.95,310,444
HST-CSE-001-2026-Q3,CSE-001,2026-Q3,81,0.7202,0.1516,0.7811,0.9181,379,497
HST-CSE-001-2026-Q4,CSE-001,2026-Q4,82,0.72,0.1558,0.8337,0.948,419,590
HST-CSE-002-2025-Q3,CSE-002,2025-Q3,168,0.7991,0.1353,0.8006,0.9532,283,227
HST-CSE-002-2025-Q4,CSE-002,2025-Q4,210,0.7333,0.158,0.8022,0.9491,271,188
HST-CSE-002-2026-Q1,CSE-002,2026-Q1,175,0.684,0.1299,0.8133,0.9041,197,339
HST-CSE-002-2026-Q2,CSE-002,2026-Q2,217,0.7685,0.1171,0.793,0.9479,301,397
HST-CSE-002-2026-Q3,CSE-002,2026-Q3,185,0.6855,0.1257,0.7865,0.9124,386,518
HST-CSE-002-2026-Q4,CSE-002,2026-Q4,199,0.6988,0.1263,0.7543,0.9297,347,313
HST-CSE-003-2025-Q3,CSE-003,2025-Q3,75,0.6253,0.1341,0.7354,0.9482,276,406
HST-CSE-003-2025-Q4,CSE-003,2025-Q4,71,0.6406,0.1244,0.7402,0.9246,372,233
HST-CSE-003-2026-Q1,CSE-003,2026-Q1,78,0.6012,0.1532,0.6924,0.905,230,635
HST-CSE-003-2026-Q2,CSE-003,2026-Q2,76,0.6233,0.1321,0.6961,0.9267,253,429
HST-CSE-003-2026-Q3,CSE-003,2026-Q3,86,0.6224,0.1454,0.5374,0.9524,332,436
HST-CSE-003-2026-Q4,CSE-003,2026-Q4,93,0.6042,0.1621,0.5442,0.96,375,415
HST-CSE-004-2025-Q3,CSE-004,2025-Q3,83,0.4388,0.0223,0.6117,0.505,377,529
HST-CSE-004-2025-Q4,CSE-004,2025-Q4,82,0.4842,0.0359,0.6224,0.489,314,280
HST-CSE-004-2026-Q1,CSE-004,2026-Q1,78,0.4787,0.0257,0.5518,0.4986,294,378
HST-CSE-004-2026-Q2,CSE-004,2026-Q2,89,0.4904,0.023,0.6211,0.5051,133,546
HST-CSE-004-2026-Q3,CSE-004,2026-Q3,80,0.4469,0.021,0.6205,0.4949,146,272
HST-CSE-004-2026-Q4,CSE-004,2026-Q4,83,0.4884,0.0364,0.538,0.5071,355,621
HST-CSE-005-2025-Q3,CSE-005,2025-Q3,43,0.7163,0.1348,0.7647,0.943,341,200
HST-CSE-005-2025-Q4,CSE-005,2025-Q4,49,0.7743,0.1455,0.7772,0.901,326,654
HST-CSE-005-2026-Q1,CSE-005,2026-Q1,64,0.7627,0.1252,0.755,0.9043,286,431
HST-CSE-005-2026-Q2,CSE-005,2026-Q2,61,0.7514,0.1609,0.8456,0.9524,397,271
HST-CSE-005-2026-Q3,CSE-005,2026-Q3,61,0.7337,0.1545,0.8426,0.951,299,248
HST-CSE-005-2026-Q4,CSE-005,2026-Q4,61,0.713,0.1464,0.8454,0.9584,353,516
HST-CSE-006-2025-Q3,CSE-006,2025-Q3,110,0.6907,0.1245,0.7916,0.932,344,243
HST-CSE-006-2025-Q4,CSE-006,2025-Q4,123,0.6976,0.1261,0.8351,0.9292,147,639
HST-CSE-006-2026-Q1,CSE-006,2026-Q1,117,0.7639,0.1432,0.8322,0.9273,131,703
HST-CSE-006-2026-Q2,CSE-006,2026-Q2,122,0.7561,0.1611,0.7933,0.9218,287,277
HST-CSE-006-2026-Q3,CSE-006,2026-Q3,126,0.7474,0.1666,0.8031,0.9584,286,233
HST-CSE-006-2026-Q4,CSE-006,2026-Q4,129,0.7181,0.1271,0.7834,0.9273,285,476
HST-CSE-007-2025-Q3,CSE-007,2025-Q3,183,0.535,0.1651,0.845,0.9208,287,198
HST-CSE-007-2025-Q4,CSE-007,2025-Q4,214,0.5548,0.125,0.7606,0.9105,231,590
HST-CSE-007-2026-Q1,CSE-007,2026-Q1,181,0.474,0.1539,0.8323,0.9241,416,214
HST-CSE-007-2026-Q2,CSE-007,2026-Q2,215,0.4915,0.1229,0.8122,0.9508,415,689
HST-CSE-007-2026-Q3,CSE-007,2026-Q3,192,0.4988,0.1692,0.7793,0.9485,276,669
HST-CSE-007-2026-Q4,CSE-007,2026-Q4,188,0.4512,0.1413,0.7883,0.9285,127,586
HST-CSE-008-2025-Q3,CSE-008,2025-Q3,125,0.7423,0.1323,0.7971,0.9049,317,349
HST-CSE-008-2025-Q4,CSE-008,2025-Q4,116,0.7381,0.1375,0.8023,0.9415,345,455
HST-CSE-008-2026-Q1,CSE-008,2026-Q1,110,0.721,0.1259,0.7509,0.9074,297,664
HST-CSE-008-2026-Q2,CSE-008,2026-Q2,120,0.7249,0.1321,0.8057,0.9508,274,648
HST-CSE-008-2026-Q3,CSE-008,2026-Q3,121,0.7497,0.1401,0.8136,0.9198,265,611
HST-CSE-008-2026-Q4,CSE-008,2026-Q4,118,0.6908,0.1392,0.8489,0.9182,253,370
HST-CSE-009-2025-Q3,CSE-009,2025-Q3,67,0.7343,0.1109,0.528,0.9162,160,356
HST-CSE-009-2025-Q4,CSE-009,2025-Q4,79,0.7911,0.1667,0.6031,0.9191,170,306
HST-CSE-009-2026-Q1,CSE-009,2026-Q1,80,0.7624,0.1225,0.533,0.9087,173,397
HST-CSE-009-2026-Q2,CSE-009,2026-Q2,80,0.7647,0.1447,0.5469,0.9315,401,322
HST-CSE-009-2026-Q3,CSE-009,2026-Q3,81,0.6903,0.1119,0.5195,0.9491,305,396
HST-CSE-009-2026-Q4,CSE-009,2026-Q4,71,0.7548,0.125,0.5783,0.9541,278,711
HST-CSE-010-2025-Q3,CSE-010,2025-Q3,113,0.7753,0.1606,0.7901,0.9568,249,224
HST-CSE-010-2025-Q4,CSE-010,2025-Q4,113,0.781,0.1384,0.8164,0.9394,392,585
HST-CSE-010-2026-Q1,CSE-010,2026-Q1,127,0.7999,0.1291,0.7534,0.938,171,395
HST-CSE-010-2026-Q2,CSE-010,2026-Q2,210,0.7176,0.1357,0.7966,0.9504,277,697
HST-CSE-010-2026-Q3,CSE-010,2026-Q3,117,0.686,0.1533,0.7989,0.9554,393,709
HST-CSE-010-2026-Q4,CSE-010,2026-Q4,120,0.7669,0.1457,0.8436,0.9529,122,626
HST-CSE-011-2025-Q3,CSE-011,2025-Q3,114,0.4596,0.02,0.5527,0.5377,258,376
HST-CSE-011-2025-Q4,CSE-011,2025-Q4,129,0.4397,0.028,0.5689,0.4827,414,643
HST-CSE-011-2026-Q1,CSE-011,2026-Q1,115,0.491,0.02,0.6165,0.4992,338,298
HST-CSE-011-2026-Q2,CSE-011,2026-Q2,143,0.4231,0.0334,0.5479,0.5015,161,604
HST-CSE-011-2026-Q3,CSE-011,2026-Q3,130,0.4293,0.0304,0.5412,0.5399,384,438
HST-CSE-011-2026-Q4,CSE-011,2026-Q4,121,0.4093,0.0417,0.6192,0.4926,155,689
HST-CSE-012-2025-Q3,CSE-012,2025-Q3,104,0.6964,0.02,0.7878,0.931,340,482
HST-CSE-012-2025-Q4,CSE-012,2025-Q4,122,0.7679,0.02,0.7782,0.9494,205,654
HST-CSE-012-2026-Q1,CSE-012,2026-Q1,108,0.7116,0.02,0.7976,0.9397,338,277
HST-CSE-012-2026-Q2,CSE-012,2026-Q2,138,0.7565,0.02,0.777,0.9316,398,444
HST-CSE-012-2026-Q3,CSE-012,2026-Q3,131,0.686,0.02,0.815,0.9545,408,584
HST-CSE-012-2026-Q4,CSE-012,2026-Q4,116,0.7404,0.02,0.8131,0.9583,218,584
HST-CSE-013-2025-Q3,CSE-013,2025-Q3,180,0.6015,0.1691,0.8324,0.9195,363,584
HST-CSE-013-2025-Q4,CSE-013,2025-Q4,213,0.6062,0.1685,0.8715,0.935,288,320
HST-CSE-013-2026-Q1,CSE-013,2026-Q1,173,0.5692,0.1557,0.7901,0.937,120,652
HST-CSE-013-2026-Q2,CSE-013,2026-Q2,215,0.6198,0.1308,0.851,0.9444,251,594
HST-CSE-013-2026-Q3,CSE-013,2026-Q3,207,0.5871,0.1197,0.8597,0.9001,210,460
HST-CSE-013-2026-Q4,CSE-013,2026-Q4,171,0.6299,0.1515,0.7979,0.9371,345,370
HST-CSE-014-2025-Q3,CSE-014,2025-Q3,107,0.7262,0.126,0.8154,0.6222,318,449
HST-CSE-014-2025-Q4,CSE-014,2025-Q4,128,0.7315,0.1103,0.752,0.5904,214,282
HST-CSE-014-2026-Q1,CSE-014,2026-Q1,115,0.7194,0.1369,0.7643,0.6227,209,490
HST-CSE-014-2026-Q2,CSE-014,2026-Q2,132,0.7019,0.1495,0.7622,0.5883,178,329
HST-CSE-014-2026-Q3,CSE-014,2026-Q3,123,0.7961,0.1571,0.8498,0.6159,294,428
HST-CSE-014-2026-Q4,CSE-014,2026-Q4,126,0.7602,0.111,0.8198,0.6327,176,644
HST-CSE-015-2025-Q3,CSE-015,2025-Q3,172,0.6922,0.1643,0.7792,0.9298,232,212
HST-CSE-015-2025-Q4,CSE-015,2025-Q4,191,0.711,0.1633,0.7807,0.9362,293,407
HST-CSE-015-2026-Q1,CSE-015,2026-Q1,196,0.7954,0.1205,0.778,0.9157,171,647
HST-CSE-015-2026-Q2,CSE-015,2026-Q2,214,0.7748,0.1216,0.7504,0.9088,249,474
HST-CSE-015-2026-Q3,CSE-015,2026-Q3,183,0.7798,0.1108,0.7883,0.9027,408,602
HST-CSE-015-2026-Q4,CSE-015,2026-Q4,198,0.7821,0.1349,0.798,0.9197,401,257
HST-CSE-016-2025-Q3,CSE-016,2025-Q3,190,0.5053,0.1478,0.7577,0.9472,290,526
HST-CSE-016-2025-Q4,CSE-016,2025-Q4,181,0.5596,0.1431,0.8313,0.946,302,254
HST-CSE-016-2026-Q1,CSE-016,2026-Q1,170,0.4741,0.1519,0.7872,0.9323,128,262
HST-CSE-016-2026-Q2,CSE-016,2026-Q2,225,0.4445,0.1641,0.8403,0.9003,385,256
HST-CSE-016-2026-Q3,CSE-016,2026-Q3,179,0.4972,0.162,0.8027,0.9284,141,656
HST-CSE-016-2026-Q4,CSE-016,2026-Q4,206,0.5,0.1233,0.8044,0.9556,257,396
HST-CSE-017-2025-Q3,CSE-017,2025-Q3,122,0.7717,0.1428,0.7532,0.9306,237,207
HST-CSE-017-2025-Q4,CSE-017,2025-Q4,130,0.7207,0.1357,0.7756,0.9424,124,594
HST-CSE-017-2026-Q1,CSE-017,2026-Q1,111,0.7762,0.1521,0.8459,0.9223,269,238
HST-CSE-017-2026-Q2,CSE-017,2026-Q2,138,0.7124,0.1575,0.8155,0.9583,304,428
HST-CSE-017-2026-Q3,CSE-017,2026-Q3,123,0.7712,0.1608,0.8163,0.9234,277,552
HST-CSE-017-2026-Q4,CSE-017,2026-Q4,121,0.7255,0.1636,0.7603,0.9197,406,635
HST-CSE-018-2025-Q3,CSE-018,2025-Q3,119,0.6868,0.1335,0.7732,0.9568,409,677
HST-CSE-018-2025-Q4,CSE-018,2025-Q4,133,0.7373,0.144,0.7552,0.9115,323,634
HST-CSE-018-2026-Q1,CSE-018,2026-Q1,126,0.7906,0.1479,0.849,0.9327,229,719
HST-CSE-018-2026-Q2,CSE-018,2026-Q2,121,0.7177,0.116,0.7516,0.9078,279,444
HST-CSE-018-2026-Q3,CSE-018,2026-Q3,128,0.783,0.1387,0.7601,0.9005,184,568
HST-CSE-018-2026-Q4,CSE-018,2026-Q4,118,0.6819,0.1264,0.7717,0.9077,163,307
HST-CSE-019-2025-Q3,CSE-019,2025-Q3,196,0.7402,0.1108,0.8135,0.9579,406,402
HST-CSE-019-2025-Q4,CSE-019,2025-Q4,190,0.7201,0.1268,0.7769,0.9448,355,703
HST-CSE-019-2026-Q1,CSE-019,2026-Q1,185,0.7387,0.1319,0.806,0.9477,253,644
HST-CSE-019-2026-Q2,CSE-019,2026-Q2,219,0.7412,0.1354,0.8011,0.928,216,269
HST-CSE-019-2026-Q3,CSE-019,2026-Q3,178,0.7291,0.1387,0.8398,0.9599,291,576
HST-CSE-019-2026-Q4,CSE-019,2026-Q4,199,0.7592,0.1453,0.8479,0.9562,303,183
HST-CSE-020-2025-Q3,CSE-020,2025-Q3,125,0.7646,0.1323,0.7846,0.9396,411,609
HST-CSE-020-2025-Q4,CSE-020,2025-Q4,130,0.7547,0.1331,0.7936,0.912,412,717
HST-CSE-020-2026-Q1,CSE-020,2026-Q1,128,0.7691,0.1475,0.7827,0.9119,272,315
HST-CSE-020-2026-Q2,CSE-020,2026-Q2,123,0.6991,0.167,0.7815,0.9021,310,456
HST-CSE-020-2026-Q3,CSE-020,2026-Q3,125,0.7342,0.1413,0.7862,0.9085,384,535
HST-CSE-020-2026-Q4,CSE-020,2026-Q4,125,0.6827,0.153,0.7939,0.9178,279,644
HST-CSE-021-2025-Q3,CSE-021,2025-Q3,175,0.6697,0.1118,0.724,0.9026,164,348
HST-CSE-021-2025-Q4,CSE-021,2025-Q4,180,0.6184,0.1304,0.7446,0.9555,195,528
HST-CSE-021-2026-Q1,CSE-021,2026-Q1,197,0.5663,0.1245,0.6717,0.9322,394,234
HST-CSE-021-2026-Q2,CSE-021,2026-Q2,207,0.5875,0.123,0.6643,0.9458,336,666
HST-CSE-021-2026-Q3,CSE-021,2026-Q3,229,0.6729,0.1353,0.5523,0.9035,388,700
HST-CSE-021-2026-Q4,CSE-021,2026-Q4,228,0.5669,0.1207,0.5377,0.9422,162,617
HST-CSE-022-2025-Q3,CSE-022,2025-Q3,68,0.7408,0.1141,0.5342,0.9056,403,354
HST-CSE-022-2025-Q4,CSE-022,2025-Q4,83,0.7024,0.1605,0.5657,0.9299,393,266
HST-CSE-022-2026-Q1,CSE-022,2026-Q1,81,0.773,0.1358,0.5455,0.9165,171,381
HST-CSE-022-2026-Q2,CSE-022,2026-Q2,74,0.7235,0.1361,0.567,0.9209,265,537
HST-CSE-022-2026-Q3,CSE-022,2026-Q3,70,0.7231,0.1228,0.608,0.9469,402,711
HST-CSE-022-2026-Q4,CSE-022,2026-Q4,80,0.6935,0.1533,0.5446,0.9454,344,347
HST-CSE-023-2025-Q3,CSE-023,2025-Q3,108,0.7543,0.1384,0.8496,0.9088,257,604
HST-CSE-023-2025-Q4,CSE-023,2025-Q4,115,0.7242,0.1507,0.7629,0.9053,167,337
HST-CSE-023-2026-Q1,CSE-023,2026-Q1,120,0.776,0.1255,0.7532,0.9581,128,433
HST-CSE-023-2026-Q2,CSE-023,2026-Q2,124,0.7149,0.1429,0.7568,0.9179,344,321
HST-CSE-023-2026-Q3,CSE-023,2026-Q3,118,0.7302,0.1574,0.8189,0.9502,378,460
HST-CSE-023-2026-Q4,CSE-023,2026-Q4,131,0.6917,0.1409,0.8203,0.9591,137,625
HST-CSE-024-2025-Q3,CSE-024,2025-Q3,41,0.7408,0.1295,0.764,0.9395,303,201
HST-CSE-024-2025-Q4,CSE-024,2025-Q4,52,0.7023,0.1176,0.7632,0.9188,341,287
HST-CSE-024-2026-Q1,CSE-024,2026-Q1,68,0.747,0.1503,0.7726,0.9404,356,475
HST-CSE-024-2026-Q2,CSE-024,2026-Q2,68,0.7971,0.1356,0.7958,0.9296,399,443
HST-CSE-024-2026-Q3,CSE-024,2026-Q3,66,0.7929,0.1696,0.8042,0.9479,221,435
HST-CSE-024-2026-Q4,CSE-024,2026-Q4,65,0.7468,0.1264,0.8222,0.9187,346,715
HST-CSE-025-2025-Q3,CSE-025,2025-Q3,165,0.7492,0.02,0.841,0.9593,234,715
HST-CSE-025-2025-Q4,CSE-025,2025-Q4,185,0.7237,0.02,0.833,0.9334,221,691
HST-CSE-025-2026-Q1,CSE-025,2026-Q1,189,0.705,0.02,0.8448,0.9576,319,564
HST-CSE-025-2026-Q2,CSE-025,2026-Q2,199,0.7966,0.02,0.8217,0.95,165,267
HST-CSE-025-2026-Q3,CSE-025,2026-Q3,201,0.7,0.02,0.8048,0.9318,156,412
HST-CSE-025-2026-Q4,CSE-025,2026-Q4,175,0.7219,0.02,0.7893,0.9054,210,614
HST-CSE-026-2025-Q3,CSE-026,2025-Q3,72,0.6909,0.1694,0.7817,0.9528,152,599
HST-CSE-026-2025-Q4,CSE-026,2025-Q4,72,0.7628,0.1298,0.762,0.9248,220,655
HST-CSE-026-2026-Q1,CSE-026,2026-Q1,72,0.6927,0.1502,0.8012,0.9074,409,222
HST-CSE-026-2026-Q2,CSE-026,2026-Q2,81,0.7704,0.1368,0.8272,0.9129,291,473
HST-CSE-026-2026-Q3,CSE-026,2026-Q3,82,0.7269,0.1482,0.8237,0.9247,198,559
HST-CSE-026-2026-Q4,CSE-026,2026-Q4,72,0.7248,0.137,0.8268,0.9091,399,430
HST-CSE-027-2025-Q3,CSE-027,2025-Q3,67,0.7238,0.1129,0.8377,0.5825,384,640
HST-CSE-027-2025-Q4,CSE-027,2025-Q4,78,0.7275,0.1195,0.8455,0.5793,134,276
HST-CSE-027-2026-Q1,CSE-027,2026-Q1,78,0.7978,0.1323,0.7545,0.6067,243,591
HST-CSE-027-2026-Q2,CSE-027,2026-Q2,77,0.7702,0.1404,0.7582,0.5885,327,332
HST-CSE-027-2026-Q3,CSE-027,2026-Q3,70,0.7945,0.1574,0.758,0.5955,204,425
HST-CSE-027-2026-Q4,CSE-027,2026-Q4,79,0.7802,0.1396,0.844,0.625,179,281
HST-CSE-028-2025-Q3,CSE-028,2025-Q3,107,0.7076,0.1542,0.8499,0.9247,197,206
HST-CSE-028-2025-Q4,CSE-028,2025-Q4,136,0.7539,0.1191,0.8039,0.9578,385,566
HST-CSE-028-2026-Q1,CSE-028,2026-Q1,121,0.7283,0.1695,0.7528,0.9373,302,623
HST-CSE-028-2026-Q2,CSE-028,2026-Q2,210,0.7452,0.162,0.7971,0.9445,392,698
HST-CSE-028-2026-Q3,CSE-028,2026-Q3,132,0.7444,0.1295,0.7501,0.9423,147,614
HST-CSE-028-2026-Q4,CSE-028,2026-Q4,130,0.7815,0.1424,0.7624,0.9062,172,203
HST-CSE-029-2025-Q3,CSE-029,2025-Q3,68,0.5762,0.1235,0.8478,0.9394,295,403
HST-CSE-029-2025-Q4,CSE-029,2025-Q4,71,0.6223,0.1432,0.844,0.9209,179,254
HST-CSE-029-2026-Q1,CSE-029,2026-Q1,69,0.6081,0.1358,0.8265,0.9554,381,285
HST-CSE-029-2026-Q2,CSE-029,2026-Q2,80,0.5748,0.1267,0.8135,0.9049,146,520
HST-CSE-029-2026-Q3,CSE-029,2026-Q3,76,0.552,0.1617,0.8589,0.9226,373,503
HST-CSE-029-2026-Q4,CSE-029,2026-Q4,70,0.6347,0.1119,0.8387,0.9389,350,641
HST-CSE-030-2025-Q3,CSE-030,2025-Q3,171,0.777,0.1649,0.8112,0.9233,415,651
HST-CSE-030-2025-Q4,CSE-030,2025-Q4,181,0.7514,0.1291,0.7987,0.9216,255,675
HST-CSE-030-2026-Q1,CSE-030,2026-Q1,205,0.7049,0.1637,0.8345,0.9334,183,512
HST-CSE-030-2026-Q2,CSE-030,2026-Q2,187,0.6968,0.1676,0.7712,0.9063,188,705
HST-CSE-030-2026-Q3,CSE-030,2026-Q3,185,0.738,0.1561,0.8284,0.9251,128,326
HST-CSE-030-2026-Q4,CSE-030,2026-Q4,205,0.7499,0.1689,0.7612,0.9497,333,190
